genus	01_A	01_B	01_C	02_A	02_B	02_C	03_A	03_B	03_C	04_A	04_B	04_C	05_A	05_B	06_A	07_A	07_B	08_A	08_B	09_A	10_A	10_B
Cloacibacillus	8.900875569392246	5.255925421016815	7.359843756820921	0.126502102580506	0.03144999993419	0.0219780298883151	0.0	0.0	0.0	0.0432484953155944	0.0132379919392617	0.0377768773308319	0.0	0.0	0.0843259122031157	0.0	0.0	0.0	0.0	0.0	1.091221541813732	0.3848396553186884
Oscillospiraceae_unclassified	8.885000283370461	15.017174036940082	1.0411728822213768	1.8709638456662745	2.095961211054938	4.311324011028551	3.57799323069658	6.299125347294255	7.745697811747407	10.339602832864582	8.531521180967335	13.297140897252753	0.578174863722662	0.5946972174247399	0.7962689456995425	1.5313182479119063	1.4521543736945544	1.1859967628698451	2.1135069458905758	0.8106161265927802	3.819513313481577	2.6176180594436964
Bacteroides	7.121757685590327	10.280419206736946	16.703833772537735	6.975281871229216	9.138858118591877	7.668082064732989	12.606810335901631	15.787444748664797	3.936077250723553	4.117740330661515	4.450204511226518	1.6280545790215195	13.996497269310286	10.059163655744472	0.6492022524033235	11.299141294405926	11.764508592765264	6.655436192098869	17.091893461482343	1.8484284790178895	8.060665875369466	10.18354342861361
Eggerthella	6.292623314584055	3.83210791246892	5.104884448536071	0.0240427972740727	0.0047330855404349	0.0116378431807707	0.4895735546634564	0.6530531248315621	1.167191081602553	0.6350488756050613	0.3796292322231968	2.8759539305934267	0.1615619277970795	0.2023320597704068	0.1472585611283079	0.6386791828583629	0.7099629003173137	0.4415246524358279	0.4941635458949552	2.360281611464737	0.1864018131318713	0.2709515122389662
Odoribacter	5.777173147654043	0.5124401981169082	0.3642485319975819	0.244279644946173	0.0755735131438948	0.12168403991976	0.0	0.0	0.0	0.2391055689257658	0.3176860683855625	0.2474303322726224	0.0	0.0	1.0035036468858531	7.034316038343582	6.870455094262624	0.0	0.0	0.0	0.2444118538615669	0.286402178427959
Mediterraneibacter	4.969393814101253	4.687295244519892	4.88430152463589	2.001470400769352	0.942720720510378	1.5923312618522651	2.907864185113864	1.1791182502043265	8.333891462149454	1.6947309921584357	1.95248798933587	0.413894155200793	1.7092594338122604	2.3389144336402765	2.368189766414155	0.3609750840351778	0.804897953974841	4.405617678455062	2.831433171598741	2.2024510218904103	1.6731334585132416	3.846213583857269
Methanobrevibacter	3.965058911145128	5.456781125357312	7.616650578771464	2.5162355355835047	1.0428455768475515	1.1187359272185553	0.0	0.0	0.0	2.1620061217120687	1.3494515567896816	3.474772342025509	0.0006576228084149	0.0	0.0	3.5513001729635327	2.094294858934729	0.0	0.0	0.0	5.618183538794813	3.3421600198181225
Parabacteroides	3.164148206115019	3.1978920288085684	4.4194541519025545	0.7476586255997618	0.7696718945814075	0.5878548084028581	1.8827130541062755	0.359713163706326	0.7621496798455633	2.968083914588479	4.282477523272813	0.3874702281870547	1.1922523780668972	1.0456238114178615	0.2005106057981006	1.010765230459335	0.9878470364532156	3.928484143111489	3.544189905207958	0.6070328232401779	2.2574495904566936	3.4885208934313905
GGB9480	3.082524320349777	2.392784517882386	1.6149344811826585	0.6338774946873438	0.1460119976078723	0.2350893600609619	0.0716649966383399	0.2248274127719917	0.0	0.0	0.0	0.0	0.0	0.0	4.143394555227063	1.7384896000678205	2.882611379880146	0.437844784584025	2.6978416996054446	0.7831919054175579	2.948285814458127	1.4176729457258204
GGB40351	2.8431576667964955	3.8765385621396327	4.026292331599828	0.0	0.0	0.0	0.0	0.0	0.0	0.0280149775068815	0.0072667395803983	0.0638635879985179	0.0	0.0	0.0	1.0154633308017222	1.2416028291217924	0.0	0.0	0.0	0.5716606100343685	0.0737283026500588
GGB9464	2.6852633851439847	1.7234331346144838	0.614160513477517	0.0	0.0	0.0	0.0	0.0	0.0	0.0	0.0	0.0	0.0	0.0	0.0	0.0078564136079396	0.1321707115272148	0.0	0.0	2.8180399965840697	0.0	0.0
GGB9086	2.433809292180691	1.9362828513448664	1.675922636651958	0.0	0.0	0.0	0.0	0.0	0.0	0.0	0.0	0.0	0.0	0.0	0.0	0.0	0.0	0.0	0.0	0.0	0.0	0.0
GGB4566	2.264189520905515	0.9562940905829118	1.352428155426007	0.0	0.0	0.0	0.0	0.0	0.0	0.0	0.0	0.0	0.0	0.0	0.0	0.0	0.0	0.0	0.0	0.0	0.0	0.0
Desulfovibrio	2.2136259773568088	1.5972906563001594	2.4048441317816187	0.0	0.0	0.0	0.0152967095514109	0.0096537977968466	0.0099336518733641	0.0003844690417229	0.0009351530274656	0.0026717910494912	0.000231056662416	0.000256228372635	0.3537519547815473	0.0001749758041857	0.0012517712024401	0.3605505626160182	0.6003809959683167	0.0	0.2474755587036734	0.502669034853437
Ruthenibacterium	1.947264603616961	2.6678421730877804	3.4833582919788726	0.0589249559947844	0.0540818595634102	0.0582138549508139	0.1597919160986163	0.4567503223549621	0.2212037745110624	0.4904714284042534	0.2494799530795801	0.1108317724025186	0.1793177436242833	0.1977376199852273	0.3449696408309282	0.5219003311448012	0.4014920069739608	0.1224129712179405	0.1816868305313329	1.5244167016038264	0.1680195840792321	0.0957788410924036
Erysipelatoclostridium	1.2909233776028393	0.6772719574876392	0.2514884399794966	0.0304756527320186	0.0133871674211262	0.0247704552104479	1.0750888426015413	0.4951248371429815	1.204505174796736	1.6984731574978724	0.5904333151393344	1.3536988185025685	0.004985491831362	0.0142074214895552	0.280868342383012	0.7261583361610228	0.5039376878461291	1.319627806984737	0.5668573601253034	23.518607825267363	1.973727147762757	1.0302341129173949
Alistipes	1.051632480981793	1.022290494187363	0.9498075841259118	3.464542963985921	1.7537599467736116	1.6346611445295358	1.20897447568554	2.5926285715703186	1.6527688068009752	1.7241129707025544	1.6190673278092795	0.6709135369034664	2.619747098857474	2.656681793013319	1.179934839756784	9.39438093641061	5.4795921554585645	1.1790279600096183	3.326516123806597	2.3547316753868035	2.51192074768267	2.864505944792384
Bifidobacterium	1.0128196793664968	1.436792163460226	0.3947815881017261	0.5337983459003505	0.6259813236770762	0.7856077993037748	0.0	0.0122120987827146	0.0836422163415755	0.009278519540248	0.0043411690999782	0.0072804144455391	2.4682005886966603	2.9390012823514766	0.6356145213853842	0.8082307371143431	0.7896227169827451	12.79043878717995	10.159188221858251	0.1336181369627238	12.072875371059068	2.768124026570009
Barnesiella	0.9248490461673072	0.1738251732731408	0.2435195288828121	0.0	0.0	0.0	0.0	0.0	0.0	0.5906640606772633	0.5816737624692201	0.246176579191146	0.0	0.0	0.16509354824749	0.0	0.0	0.0	0.0	0.0	0.3650066226601254	0.1244547339203528
GGB3497	0.8812383055104324	1.3895788358625791	0.422811366698325	0.0	0.0	0.0	0.0	0.0	0.0	0.0	0.0	0.0	0.0	0.0	0.0005319971707922	0.0	0.0	0.0	0.0	0.0	0.2684873981793741	0.08371729849297
Anaerostipes	0.8334020115222023	0.6607854289265578	0.3684148866035658	0.613871314213132	0.9380614612608684	1.1455596363423362	2.367652038693732	3.623909114978059	3.394055561256042	6.246374539552028	6.412344309332102	0.6556696287473078	0.9451372776129155	2.098510371880757	1.9741368456288224	0.0600079520454989	0.4492044455597236	1.1711243177413122	1.571317430613275	2.8823952738828265	2.0811321245980228	2.1899514338529347
GGB3005	0.7448169054282142	1.0372180525845598	1.179121662792895	0.0231502385792827	0.0043229394797386	0.0133872155149304	0.0220864861277817	0.0430543336646071	0.0156856267135741	0.0	0.0	0.0	0.7298013550358508	0.6617141900604838	0.0459523457853156	1.0942111914755135	0.447970815968913	0.0	0.0	0.0652460077804006	0.3337768683976717	0.2503704434231722
Neglectibacter	0.7426199543933861	0.3888792402890167	0.2077114001070582	0.0604447180967241	0.0113856546449284	0.0353406063562856	1.559931456166623	2.0320040980365435	0.0358305521720472	1.2194503627804814	1.050511445881298	1.957653294282216	0.2891940733978307	0.3409781157493249	0.5643007367039407	0.6294579579777745	0.6967648778568033	0.2198742287802386	0.6876899011159942	0.0	1.2667292546214914	4.57314237061933
Lachnoclostridium	0.707864357371144	1.1924696888514188	1.2298974854545954	0.2119786694779621	0.0641550468141106	0.1143005388474149	0.6232839677067747	0.5692977378517178	0.4702911796954808	0.0106028017950716	0.0004118105075078	0.0148029329343978	0.2163401303791036	0.1226362004197924	0.0762412994600928	1.3462988325659069	2.364133190312918	1.6260766634931871	1.617461219147513	1.5792394498057618	0.5184423038533627	0.7608624928780727
GGB45432	0.6903392537140095	0.4189941854440577	0.4731714200854158	0.0399721556018113	0.0287512388548085	0.0418699538006841	0.0047747461085446	0.0085752109700521	0.0	0.0503056381703319	0.0360505781780802	0.0829379279829114	0.0	0.0	0.0002878017481335	0.0	0.0	0.0	0.0	0.0	0.1072380174433256	0.0997200775474298
GGB9531	0.6231007676365887	0.1970420945309932	0.544545145560068	0.06896021050918	0.0108934793720929	0.0125987660122105	0.0047309410983745	0.0160540072318752	0.0	0.0821994811203742	0.0419360366812128	0.2209458792480542	0.0030926045584919	0.0204275861217982	0.0	0.0	0.0	0.0	0.0	0.0	0.0660574834212234	0.0373907820582441
Anaerotruncus	0.5773183282556309	0.5070005656633537	0.0996893454475451	0.3723015096286187	0.0816354719209857	0.0966261291614455	0.008165253895713	0.0072916035067595	0.001665730270468	0.0526808024725316	0.0276770978587546	0.0606470628515576	0.0137389846190475	0.0143841307120621	0.0672235113519098	1.319693761539465	1.6028930247246316	0.0	0.0	0.0	0.6740568051114223	0.3093106153227987
Blautia	0.5331436193254476	0.6872041061123882	0.8206592532002971	6.947805537354465	4.9559589098173165	4.472159496567742	15.401368481709428	10.597106659315292	17.64141961874447	5.675865200417532	6.562483556860995	7.320586423584243	3.4361413815311	6.838346505338982	12.81870730439632	1.410130005932864	2.150742483520129	15.662579894782109	11.616100282026675	4.948496014352394	2.7649059663203768	5.235482446165832
Butyricimonas	0.4126227575757593	0.486733953532853	0.4209230812428063	0.0159856458129955	0.0157742174943785	0.0174198062007161	0.0	0.0	0.0	0.0778079902882494	0.0628611580939538	0.0747063905100453	0.0	0.0	0.100015468108939	0.0	0.0	0.0298128785776544	0.1344328155060451	0.0	0.0	0.0
Methanomassiliicoccus	0.3930017121267773	0.1129666659614925	0.3375440179638012	0.0	0.0	0.0	0.0	0.0	0.0	0.0	0.0	0.0	0.0	0.0	0.0	0.0	0.0	0.0	0.0	0.0	0.15538910607894	0.0839976019477456
Romboutsia	0.3855859502046181	0.7923172503343112	0.7579214020336823	0.0	0.0	0.0	0.0	0.0017471323805927	0.0	0.0	0.0	0.0	0.0017418117628288	0.0457500177070378	0.596115911770335	0.0416179950255778	0.0	0.0	0.0	0.0	0.0	0.0
Longicatena	0.3848031285715185	0.954458528938338	2.144390666818352	0.0491148514214169	0.0118778299177639	0.0110218670067709	0.3265663508183521	0.2225543578890777	0.3396007588916747	0.9320640259707912	0.4514129513131533	2.38397257484909	0.0	0.0	0.0	0.0864467960579639	0.185697536640254	0.6167815458304661	0.1684508490833539	0.0	0.4938157935421521	1.4784648192357828
Hungatella	0.3788688355464081	0.0890373121018648	0.6468330489739234	0.0060147198531794	0.0070791210076176	0.0063568741156786	0.749836642088293	0.3050885349906506	0.1722555964590793	0.9224608436841994	0.1515205286061578	0.3870638392571968	0.0195776087424073	0.0130499760821349	0.0275330339047715	0.2052116231490337	0.0625159936754899	0.0324474260004232	0.2503560737316271	0.0	0.0027214380886286	0.0755630161722262
Christensenella	0.3511923029697231	1.1627151507772755	0.2769976173487746	0.0530469343200863	0.0213357980774199	0.0233742425493815	0.0	0.0	0.0	0.0111410584534838	0.0088882434537104	0.064235390636473	0.0092156061125176	0.0083760171468273	0.0245765250375819	0.1309431430623971	0.0776279561629198	0.0042492700367238	0.0143635552279508	0.2152741409241756	0.0824361997705776	0.1094202758914813
Dysosmobacter	0.3072448648362462	0.3364022929982536	0.1305775378070852	0.0182934327085336	0.0942679705904308	0.0994431935305382	0.5245211917771897	1.6964209718519754	0.867177443669971	0.5607780005006633	0.6431879570282004	0.1258595162342847	0.290749262471785	0.2701265529851811	0.8903365110137225	0.0622826374999135	0.2366845361251538	0.5486912427620032	0.8760727851714684	0.3991500323704111	0.2347449050682171	0.3252624301127538
GGB9102	0.2894335683240001	0.2332839600613014	0.1436482843776252	0.0	0.0	0.0	0.0	0.0	0.0	0.0	0.0	0.0	0.0	0.0	0.0	0.0	0.0	0.0	0.0	0.0	0.0	0.0
Evtepia	0.2796104194441365	0.4921987306664702	0.5845542763813567	0.6276135016851689	0.2954856279680212	0.3485768103586971	0.4516997428703582	0.5214833598440671	0.4020482926772427	0.6291109648495619	0.3438102974555896	1.069641603104882	0.0	0.0	0.4976789926435827	0.3841156341387417	0.6425305298902109	0.2966585383438385	0.4040704008751933	0.2240187161333892	0.3342443546951048	0.353233317281722
Emergencia	0.2639876565298034	0.3379864078422009	0.5132411839259183	0.0	0.0	0.0	0.0	0.0	0.0	0.019582289858424	0.0128519195884731	0.0727609115905129	0.0	0.0	0.0432138685454999	0.2135667177989027	0.2370836515810043	0.0166316429237371	0.1145875169785381	0.7329512803663857	0.1603144081411821	0.0839381436391568
Enterocloster	0.254526457437287	0.1277433562783133	0.1722757313064754	0.1660159172309387	0.2299770991536128	0.4102072798212969	1.5912695604423372	1.5096382580614625	1.5499620166705248	0.252408197769381	0.2578963303267711	0.4551901877327347	0.3261809129738178	0.2211780983507683	0.2620391310430051	0.1797263972693809	0.2479051229180414	1.6087651373635743	2.492354388672241	0.2511688663911826	0.0	0.1868180055858749
GGB9524	0.2477840904683318	0.23279782958009	0.3800131169931968	0.046774900248589	0.0165534950097014	0.0336815771943126	0.0036445768461551	0.021455855306565	0.0	0.0140288481446475	0.0225723634427722	0.0174314911190105	0.1935099547734547	0.2614147883155907	0.8262352125658063	0.1731035630809508	0.2746005044309501	0.0	0.0	0.0	0.0471242883751808	0.0781876757942156
Gordonibacter	0.2187018459268335	0.1958602945680484	0.1673731186100369	0.1740811097613383	0.0929144885901331	0.1132164207811752	0.0025844956000379	0.0018897554320697	0.0	0.044478796249108	0.0416443375717281	0.2324804075976377	0.0207773260280292	0.0506625340927298	0.0	0.0951868374770415	0.0477577926148367	0.0	0.0	0.1666351177967281	0.0209450557189244	0.0379513889677952
GGB3602	0.2158062476280562	0.0812676059625041	0.0599920415822137	0.0	0.0	0.0	0.0	0.0	0.0	0.0	0.0	0.0	0.0	0.0	0.0	0.0	0.0	0.3179813753881187	0.2062852862236449	0.0067233021931759	0.0	0.0
Lachnotalea	0.214922416751976	0.2898008192821312	0.3024201761191756	0.071750461564064	0.0330495695709054	0.0291479925536736	0.0	0.0	0.0	0.006142960911085	0.0038178265800203	0.0322776569182869	0.0160762116273331	0.0073511036562872	0.0072124862335274	0.0288360125298096	0.0639763934116701	0.0	0.0	0.0075540796616321	0.0158110544167568	0.0256435190899225
Eubacterium	0.1633571982103786	0.5762573961159292	1.7481279006758297	0.0741547412914713	0.0241165883689407	0.0290165843032203	0.6208046041311451	0.1568407869210687	0.4785591012983769	0.0	0.0	0.0008992435894727	0.4445441316938014	0.1090737675923874	0.0248468842555255	0.7266395196225335	0.4031156812148071	0.2942619500431263	0.5724431871583954	6.552273375984206	0.8472688262800011	0.7309379755697597
Flavonifractor	0.1577090980403799	0.2412464420811424	0.182236870177331	0.0	0.0158480437853038	0.0352913282623656	0.6805633990052425	1.83422158140087	2.0389145808023432	0.0892224489491807	0.127489669615962	0.0210630517688044	0.235802210790303	0.1816129034314721	0.0	0.0318630939422229	0.3272928154090292	0.3340606132070818	0.7085413424010145	0.2496529116291544	0.1462647753093966	0.1709851074130973
Eisenbergiella	0.1419684910092361	0.4287922291084726	0.1638910509351813	0.0688637176773108	0.0346901538136905	0.0454426156098833	0.1923565606590943	0.0530290333272769	0.0473258261739752	0.1554707367162924	0.1720767364392564	0.1545747850865834	0.0199153069413231	0.023237262759658	0.2627368322506014	0.1455098787608598	0.1892714341312789	0.1889480414529624	1.3720231018254565	2.596530742288388	0.3472922311752479	0.1078318896477531
Anaerovorax	0.1408321370257043	0.132663332010573	0.1389968656179301	0.0016082138644864	0.0	0.0001067692034933	0.0	0.0	0.0	0.0006236942232395	0.0004461280498001	0.0075052253429073	0.0005954152454567	0.0002473929115096	0.0181053463371256	0.0248465641943748	0.0460796935391017	0.0	0.0	0.3523781173679474	0.0108189685977386	0.004790640863437
GGB3109	0.1388624567875826	0.2696850752320064	0.5008114149870682	0.0490746460748047	0.0285707745881022	0.0299857201503134	0.0058260663526278	0.0258236862580469	0.0253850352676537	0.0061258733981195	0.0008150416294425	0.0197660658224495	0.0436874827860529	0.0464656900581908	0.0	0.0995262374208478	0.1239253490415763	0.0456881514348547	0.0366548214935509	0.055961855452499	0.1168131385711082	0.0941479846282548
GGB9474	0.1264804070855438	0.3335022732310273	0.3143215716048761	0.0108795667932509	0.0104833333113966	0.0091821515004246	0.0	0.0	0.0	0.0	0.0	0.0	0.0	0.0	0.0	0.1775916924583149	0.0867803992300366	0.0	0.0	0.0	0.0	0.0
Intestinimonas	0.0996961228218542	0.2514551821865808	0.0316590978895453	0.0	0.0142402712273745	0.0234974377841815	0.0027509546386844	0.0446231872308536	0.0	0.2211209615296128	0.1941600749043632	0.2845068371924227	0.0040523783869894	0.0066177603828836	0.0333152326627264	0.2407054650281107	0.1029355043861666	0.0510677273013471	0.1464024448626709	0.0	0.0246265103112105	0.1394806979051401
Rikenellaceae_unclassified	0.0945278165560134	0.0600203513095598	0.2515663967184859	0.2890603600027989	0.1986993605649152	0.3665468886081864	0.0	0.0	0.0	0.0	0.0	0.0	0.0	0.0	0.0188379326051018	0.0	0.0	0.0	0.0	0.0	0.3314310889409088	0.5547715012653563
Phascolarctobacterium	0.0927601548038528	0.0654767468831562	0.014950370166171	0.2868169016618402	0.0115169013843512	0.0802986540426224	0.4980629656344285	0.3756156339460069	1.113696848020751	0.3456120372395154	0.3971998138768637	0.1674841185393031	0.0	0.0	0.102902206855369	0.0	0.0	0.8338087636860998	0.7667068021586466	0.0	0.3062118727883099	0.3434396844527453
Clostridium	0.092112012161394	0.2953494120159573	0.2670018310383683	0.5517620947666644	1.3157321568712084	1.1885794123344866	0.0106358564693086	0.0062041027392477	0.0027588657604627	0.2677100656299558	0.323031025597591	0.100628816291193	1.763477768327661	1.0086385711471662	0.1910654757002648	1.7819798361981856	3.141664523144557	0.4567370391672992	0.3036556189464569	0.0	0.0640539707179384	0.4319221416769
Faecalicatena	0.0840144378491157	0.0605819158309591	0.0624866572298714	0.0240749615513625	0.0068658450560555	0.0096995714865845	0.5490519974724649	0.6568593775178535	0.3570388726606371	0.0205221030715246	0.0051476313438477	0.0299084959229452	0.0201730239878641	0.0207103208778093	0.0101253887752422	0.0227818497049831	0.0199467019867095	0.0308242048463947	0.0373660603393794	0.0181315041311509	0.0197262521577595	0.0304426539974436
Marvinbryantia	0.0734253022099826	0.1692991308618628	0.0135991200236898	8.845176254675608e-05	0.0	0.0	0.0	0.0010429310639252	0.0	0.0107736769247263	0.0128948165163385	0.0200427561576718	0.0	0.0	0.0	0.0	0.0	0.0	0.0	0.0	0.2829711254302047	1.2729089524003652
Lawsonibacter	0.0683832574978675	0.0340710414848988	0.0088870682447807	0.0561829513558349	0.1421402187948995	0.1330508535839709	0.0683358158654097	0.208327708504251	0.3796563664893361	0.2763905222164126	0.2528688103809465	0.0432242183055227	0.165098872090987	0.1569354605083828	0.0238788238299856	0.1813799186189361	0.1618322465415579	0.0243058246100603	0.1608700838241576	0.0334452166424868	0.041906807377043	0.057801969992356
Streptococcus	0.0651425442855732	0.046048290754744	0.0646521222017966	1.133227899610394	0.0148636932396328	0.22825613103739	0.1985155450890152	0.271884105818671	0.1090099002522453	0.1194929781675037	0.1164222622266894	0.4128911527356118	0.0248741383885602	0.0730869344288561	0.3765406204746637	1.180360528666362	0.8712690401216141	1.6345497079464146	0.1058011151392179	0.0066205255991401	3.658973510161275	1.5742691424604385
Raoultibacter	0.0563294878355157	0.0455202524734282	0.0424344515898447	0.0136296125015228	0.0039374021826841	0.0048785312980789	0.0	0.0	0.0	0.0	0.0	0.0	0.0	0.0	0.015532573134114	0.0464998199623599	0.0455807992192886	0.0454246966925779	0.1005275393067335	0.0	0.0	0.0022424276382045
Candidatus_Borkfalkia	0.050672970228602	0.030693272796482	0.0272675349264812	0.0	0.0	0.0	0.0	0.0	0.0	0.0	0.0	0.0	0.0	0.0	0.0	0.0	0.0	0.0	0.0	0.0	0.0	0.0
GGB2980	0.0489137259133565	0.0758614997490331	0.0087831259261283	0.0	0.0	0.0	0.0523557481553446	0.0545800590120888	0.0056912450907658	0.0613527153025056	0.0358189347676071	0.0995998741070847	0.0096688326426415	0.0063438610879979	0.1756898853378598	0.1116520606509195	0.0726299421589739	0.0	0.0	0.0	0.0998751082587535	0.0531727159665171
Turicibacter	0.047987807852701	0.1611103467214578	0.074561289913326	0.0	0.0	0.0	0.0	0.0	0.0	0.0	0.0	0.002014651503338	0.0	0.0	0.0	0.4923731641884579	0.3211609506782354	0.0	0.0	0.0	0.0	0.0
GGB9537	0.0420450973906756	0.0495182566033905	0.0573674980362404	0.0	0.0	0.0	0.0	0.0	0.0	0.0	0.0	0.0	0.0	0.0	0.0	0.003753230999784	0.0	0.0	0.0	0.0	0.0108523604761266	0.0022254395500363
Ruminococcus	0.0407067249211826	0.0616631370736533	0.0581557272860212	4.789067902776981	2.9716804710899734	3.04658530454072	0.0	0.0	0.0	3.732886819896807	3.264344678544317	6.909165188254501	3.403295788289185	4.606473683232264	0.0	0.0	0.0	0.0	0.0	0.0	2.114991489283538	2.93012243534212
Escherichia	0.0402100961431946	0.0042997402907141	0.1644107625284434	8.872732999243583	12.394884650641355	9.972251819290806	0.3705816250373032	0.0170077988886274	0.515985978312956	0.0587126945493411	0.0049846230179592	0.0492162933776826	0.0002666038412493	0.0003622539061391	0.7720935988563283	0.0107872583280507	0.0	0.0	0.0	0.0	0.0693298875032554	0.0421559407894288
Eubacteriales_unclassified	0.0399575730357431	0.1316240185679832	0.0069727972095989	0.0836753673692312	0.3208408574402646	0.4397823491889438	0.5136400272509283	1.042012928031382	0.9375458719187542	0.1642793496499901	0.2928401677659241	0.3226901034531125	0.4179281815424124	0.3637205926859637	0.2439163421756895	1.3026511182117742	1.1633671289692822	0.0	0.0	0.0	0.4257381014784498	0.4082322527263223
GGB9110	0.0363885797837618	0.0172576320830028	0.0267738089128822	0.0	0.0	0.0	0.0	0.0	0.0	0.0	0.0	0.0	0.0	0.0	0.0	0.0	0.0	0.0	0.0	0.0	0.0	0.0
Bariatricus	0.0352858955478903	0.0862378710548891	0.0476402293823528	0.1128162025937261	0.0294074725519226	0.0445720359506302	0.0	0.0	0.0	0.0	0.0	0.0	0.0	0.0011397744851695	0.0	0.0	0.0	0.0	0.0	0.0080936567803201	0.3383682516760329	0.3624578491570634
Bianquea	0.0345451610993658	0.0383540186555712	0.0189088401348502	0.0	0.0	0.0	0.0835974814086845	0.1208195524824191	0.0003470271396808	0.0	0.0	0.0730894813635895	0.0024705289289102	0.0	0.0122969837838859	0.0162465034186457	0.0068031043610878	0.0	0.0	0.0012418838445993	0.0234911864460157	0.0205640807276258
Limosilactobacillus	0.033055274765402	0.0566509641811639	0.0286101232090747	0.0	0.0	0.0	0.0	0.0	0.0	0.0	0.0	0.0863792640272399	0.0	0.0038434255895251	0.0301842984936377	0.0425891107388086	0.0204274546948931	0.0	0.0	0.0	0.017505692244952	0.0019536301393448
Actinomyces	0.0301428415927946	0.0447407673914858	0.0588400142171495	0.0102925687327134	0.0032401538795005	0.0046157147971723	0.0	0.0	0.0021949466584813	0.0026400207531644	0.0096260706129952	0.0343960672973333	0.0067273035941908	0.0098603746158853	0.014189498309491	0.0353101172846819	0.018794709648232	0.0	0.0	0.0	0.0010768880780156	0.0164869395672539
Sellimonas	0.0296630476886368	0.0245495893011731	0.0613086442851442	0.008370753164652	0.0056518127163946	0.0072192407592784	0.1136652403894648	0.0585556765720091	0.0299571178329489	0.0478108612773738	0.0460713005274371	0.1937178209475759	0.0471888799011272	0.0299433777537951	0.0686363562972924	0.3486217922596647	0.6355097261895681	1.4918677186533011	0.7807147379636833	8.067208936788228	0.2303705689993783	0.3926796580083203
Coprobacillus	0.0268263714482648	0.4867088088527903	4.44207026806934	0.0	0.0	0.0	0.3628456602412575	0.049436715218201	0.0380602015444966	0.0	0.0	0.0	0.0025416232865767	0.001767092225069	0.0	0.0	0.0	0.0	0.0	0.0	0.0	0.0
GGB3818	0.0264307519132575	0.0230073822573302	0.0395240666675774	0.0	0.0	0.0	0.0	0.0	0.0	0.0	0.0	0.0	0.0	0.0	0.0	0.0	0.0158285561467977	0.0	0.0	0.0	0.0	0.0
Extibacter	0.025513251289517	0.031866691199406	0.2462826621869886	0.0	0.0	0.0	0.0	0.0	0.0	0.0	0.0	0.0	0.0	0.0	0.0	0.0010586036153237	0.0376982689662415	0.0	0.0	0.0	0.0	0.0
Wansuia	0.0236109105467157	0.0193362589681824	0.1023398745731815	0.009448256453858	0.0053975221587629	0.0161221497274898	0.0333794177496424	0.0349069918489857	0.0297662529061244	0.0313641300481128	0.0251204409579769	0.0653421519773626	0.0328989140101643	0.0245184046228331	0.0546561683500803	0.0434114970184816	0.0348409651345845	0.0	0.0	0.0451446189302299	0.0347609454019934	0.0419096135109896
Terrisporobacter	0.0190234074280133	0.0576316067036075	0.1259434427671654	0.0	0.0	0.0	0.0	0.0	0.0	0.0	0.0	0.0	0.0	0.0	0.0	0.0	0.0	0.0	0.0	0.0	0.0	0.0
Roseburia	0.0187372145729016	0.0065459983763114	0.0023387021696791	0.5212381956187111	3.8049496138429446	3.699618605168417	0.4551690996758328	0.2478610355855206	0.3745377161790437	0.7152747489779241	2.40085525877058	0.0236570236615143	3.494474301996448	1.5216696213903396	1.3300190907758571	0.1752645142626446	0.6357637087523822	0.0	0.0	0.0	0.1611492051008842	0.9791169556192318
GGB9092	0.0170789795006367	0.0722993367401568	0.032248104361909	0.0	0.0	0.0	0.0	0.0	0.0	0.0	0.0	0.0	0.0	0.0	0.0	0.0	0.0	0.0	0.0	0.0	0.0	0.0
GGB58233	0.0133332200734394	0.0168636987620212	0.018363142961925	0.0011096675664956	5.742044849747788e-05	0.0012976564732263	0.0002978740691569	0.000374385510127	0.0	0.0011875821510998	0.0003174372662039	0.0066578611912887	0.0067273035941908	0.008702929208465	0.0225967978610273	0.0068153075730345	0.0057327492749433	0.0016742123944691	0.0028015871610073	0.0	0.0048000825182868	0.0089102522442294
GGB74818	0.0130722795290729	0.0244657737009642	0.0	0.0	0.0	0.0	0.0	0.0	0.0	0.0	0.0	0.0	0.0	0.0	0.0	0.0	0.0	0.0	0.0	0.0	0.0	0.0
Anaerofustis	0.0129965225968374	0.0123208932307014	0.0150023413254972	0.0048970112173613	0.0002214788727759	0.0064225782409052	0.0	0.0	0.0	0.0477937737644084	0.0350038931381645	0.1177922636479569	0.0084780021517279	0.0072539135839084	0.0687846178039067	0.0447238155498746	0.0333170697577009	0.0007138773661696	6.938915569058401e-05	0.0	0.0	0.0068122233554547
GGB9534	0.0106901448821137	0.0161345030402042	0.0040537504274438	0.1218784877201074	0.0202940270832514	0.0200972493037022	0.0	0.0	0.0	0.0066726738130144	0.0094888004438259	0.0044702782284367	0.0638249595950839	0.012104581741723	0.0	0.0	0.0	0.0	0.0	0.0	0.0	0.0040941292485401
Luoshenia	0.0102524381625311	0.0171319086826896	0.021775915757679	0.0144578426417334	0.0106473917356751	0.012188115229544	0.0	0.0	0.0	0.025084469033304	0.0141988831234466	0.0374915404226338	0.0034658499362409	0.0044354014849233	0.0042472561012428	0.0105335434119814	0.0044809780725032	0.0	0.0	0.0470716800684014	0.0	0.0044169029237362
Enterococcus	0.0098063140060334	0.0058754735746406	0.0	0.0	0.0	0.0	0.0	0.0	0.0	0.0	0.0	0.0	0.0	0.0	0.0	0.0	0.0	0.3058029674628682	0.0138431365602715	1.4965471151877825	0.0	0.0
GGB9115	0.0093517724126207	0.0055066849337216	0.0267997944925453	0.0	0.0	0.0	0.0	0.0	0.0	0.0	0.0	0.0	0.0	0.0	0.0	0.0	0.0	0.0	0.0	0.0	0.0	0.0
Lactococcus	0.0083164276720695	0.0094711628236004	0.0	0.0006352444764721	0.0	0.0	0.0	0.0003832994508443	0.0261224679394755	0.0105173642302443	0.0149538690538776	0.0667428967994259	0.0009064530602476	0.0	0.0	0.0013473136922301	0.0	0.0	0.0	0.0	0.0	0.0
Oscillibacter	0.0057996140344695	0.004232687810547	0.0035253769742941	1.0054874723542333	1.1574978066545871	1.086253450309629	0.1335001489945016	0.2635941409515727	0.2195120172051183	0.1183053960164038	0.0657695698032278	0.0427486567918592	1.8602460759064507	1.6200789874044352	0.0237654473837512	0.004820583405317	0.0162730256317221	0.0417278317606281	0.2754402535137732	0.0015587783428764	0.4227578763323134	0.4555016080543843
GGB3653	0.0055218386162729	0.0	0.0	0.7598488866925693	0.0587657275765616	0.10630106160107	0.1842088287674493	0.2699854364458839	0.2910169593363564	0.11119699062277	0.0132036743969694	0.0318366816965262	0.095168684531294	0.0891232963713578	0.1063035002424012	0.0008573814405101	0.1076432526040394	0.0448892886679507	0.1095481295465094	0.0	0.0649221595560286	0.2086222167497805
GGB33586	0.0052272283242461	0.0	0.0019922277741711	0.0708820260772413	0.0382174099356784	0.0317022404218597	0.0	0.0019699808985255	0.0	0.0003588377722747	0.0	0.0021184103790464	0.0143166262750877	0.0305441891103186	0.0169454180794967	0.0128432240272331	0.0138511204791748	0.0	0.0	0.0	0.0	0.0
GGB28319	0.0050083749644548	0.0012069446430074	0.0078822924978074	0.0	0.0	0.0	0.0	0.0	0.0	0.0	0.0	0.0	0.0	0.0	0.0	0.0	0.0	0.0	0.0	0.0	0.0	0.0
Monoglobus	0.0046380077401926	0.0021708240454093	0.0015071636204598	0.0010212158039489	0.0058322769831009	0.0151776529273566	0.6274103996648014	0.884931464710946	0.0523403683423634	0.0	0.0	0.0	0.0	0.0	0.0	0.0265788246558136	0.2075037538189943	0.0	0.0	0.0	0.0	0.0
GGB9545	0.0042339707682702	0.0047271998517793	0.0042616350647486	0.024846904206316	0.0065459311287124	0.001240165363653	0.0	0.0	0.0	0.0055534417137764	0.0061685782270441	0.0046086233960479	0.0	0.0	0.0	0.0006211641048593	0.0	0.0	0.0	0.0	0.0	0.0
Diplocloster	0.0042255533313551	0.0	0.0028584137629411	0.0084592049271988	0.0052334637344844	0.0078434299489316	0.0018836154373157	0.0066141440122439	0.0	0.0086462815605257	0.006803452759452	0.0433971497650367	0.0025593968759933	0.0030835759327455	0.0043431900172873	0.0062203898388029	0.0029117286665456	0.0	0.0	0.0	0.0200017351544611	0.0324812245776296
Clostridia_unclassified	0.0040740394668842	0.0051043700527191	0.0157385994159518	0.0083385888873623	0.0152082159306177	0.024351591412128	0.0185295193019668	0.0270983797806222	0.0164751134563481	0.006014804563844	0.0039550967491896	0.0	0.0648647145759562	0.0509541043098662	0.0	0.0	0.0	0.1826421247184643	0.2313868132947137	2.2251132608753066	0.0002253951791195	0.0931626755144983
Actinobaculum	0.0035100711935759	0.0079121926597157	0.0048159940975614	0.0	0.0	0.0	0.0	0.0	0.0	0.0	0.0	0.0	0.0	0.0	0.0	0.0060716604052451	0.0049708015865015	0.0	0.0	0.0	0.0	0.0
Lacticaseibacillus	0.0035100711935759	0.0034615842886256	0.005205777792508	0.0	0.0	0.0087057965925314	0.0	0.0	0.0	0.0236234866747567	0.0060227286723018	0.0871228693031501	0.0	0.0	0.0	0.0001049854825114	0.0925403609224243	0.0009348394080792	0.0	0.0	0.0	0.0
Lactonifactor	0.003358557329105	0.0043416480908186	0.0006669632113529	0.0174812847069679	0.0061439879892301	0.0089111219838647	0.0241891266159482	0.0340334256586894	0.0248991972721006	0.0010081632649624	0.0045213361970129	0.0074533459050531	0.0016529438157456	0.0040908185010348	0.0	0.012685745803466	0.0332807865344417	0.0007053788260961	0.0050133664986446	0.0342759941109429	0.0	0.0004841605127941
Fumia	0.0029629377940976	0.0009387347223391	0.0	0.0	0.0	0.0	0.0	0.0	0.0	0.0	0.0	0.0	0.0	0.0	0.0	0.0	0.0	0.0	0.0	0.0	0.0	0.0
Anaerofilum	0.0029461029202675	0.0161931739603504	0.0	0.000112574970514	0.0	0.0003613726887465	0.0	0.0	0.0	0.0107565894117608	0.0080732018242678	0.0076435705105185	0.0	0.0	0.0	0.0	0.0	0.0	0.0	0.0	0.0020202086424789	0.0
GGB58071	0.0025841531329204	0.0	0.0096146644753475	0.0142809391166398	0.011984467893545	0.0194648470983957	0.0	0.0	0.0	0.0	0.0	0.0	0.0	0.0	0.0	0.0	0.0	0.0	0.0	0.0	0.0	0.0
Longibaculum	0.0024747264530247	0.000435841121086	0.0	0.0	0.0	0.0	0.0	0.0	0.0	0.4557581458149092	0.6696896790634432	2.3712794057207627	0.0	0.0	0.1227692487416755	0.0	0.0	0.0	0.0	0.0	0.0	0.0
Zongyangia	0.0022558730932334	0.002480941766182	0.0032741830375507	0.0	0.0	0.0	0.0	0.0	0.0	0.0	0.0	0.0	0.0	0.0	0.0	0.0044968781675734	0.0075831936611592	0.0	0.0	0.0	0.0	0.0
GGB45613	0.001851836121311	0.0060347232150374	0.0081767957339892	0.0040848632157956	0.0008038862789646	0.0014290647236796	0.0	0.0	0.0	0.0	0.0	0.0	0.0004087925565822	0.0023148908148404	0.0	0.010857248649725	0.0121095257627363	0.0	0.0	0.0	0.0080057028435426	0.0089442284205658
GGB9491	0.0007996565069297	0.0	0.0015764584995614	0.0094884618004701	0.0057994652982452	0.0056916198477587	0.0	0.0	0.0	0.0039130404690917	0.0009694705697579	0.0148029329343978	0.0	0.0	0.0	0.0	0.0	0.0	0.0	0.0	0.0	0.0
GGB58158	0.0005555508363933	0.0015254439238011	0.0020008896340588	0.0014634746166826	0.0003609285334127	0.0023242834298928	0.0083054299282574	0.0110176307265951	0.0133692205562045	0.0079200622594934	0.005722450177244	0.0122521939065664	0.0006487360137066	0.000309241139387	0.0	2.6246370627860727e-05	0.0017415947164384	0.0131047487932563	0.0155605181636134	0.0	0.0096836447325438	0.005028474097792
Clostridiaceae_unclassified	0.0004713764672428	0.010376371305856	0.0002511939367433	3.836659529020124	1.6391733403362874	1.5542721473147267	0.0644021259521316	0.1911148889791254	0.2030542551057542	0.3481751641843352	0.523428313813583	0.094524335770349	1.084775482864594	0.3406777100710631	0.0	0.1103747372803636	0.0081909376507497	1.4766468333817566	0.0685738331112196	0.0	0.0	0.0140321608269466
Cuneatibacter	0.0001262615537257	0.0006034723215037	0.0024079970487807	0.0316255256451265	0.0264544209149094	0.0337719203664992	0.0	0.0	0.0	0.0008800069177214	0.0046242888238898	0.0030954731253004	0.0125925881016755	0.0140218768059229	0.0008110776538307	0.033849069319731	0.0309768018574866	0.0100707699870355	0.0118395246897058	0.0	0.0076634360900648	0.0333476170742086
Muricomes	0.0	0.0232169212578523	0.0857264273085719	0.0	0.0	0.0	0.0	0.0	0.0	0.0	0.0	0.0	0.0	0.0	0.0	0.0	0.0	0.0	0.0	0.0	0.0	0.0
Holdemania	0.0	0.0106026734264199	0.0096406500550106	0.0211480123179971	0.0086294731170495	0.0173869541381028	0.0	0.0	0.0	0.035678727071893	0.0461141974553025	0.0808108710308893	0.0194176464376578	0.0164604640765182	0.100983528534479	0.0417404780885078	0.0676863529899167	0.0130452590127422	0.0	0.0	0.0347943372803815	0.0175232129455151
Lactobacillus	0.0	0.0068812607771468	0.0	0.0	0.0030678925340081	0.0071699626653584	0.0	0.0	0.0	0.0	0.0	0.0	0.0	0.0	0.0	0.0	0.0	0.0366627018768533	0.0232193462229616	0.0	0.0027214380886286	0.0014015172738778
GGB55957	0.0	6.705248016708266e-05	0.0027284858646256	0.0	0.0001558555030645	0.001363360598453	0.0021727285044386	0.0063467257907246	0.0093870841283668	0.0	0.0	0.0	0.0	0.0	0.0	0.0	0.0	0.0011642999900623	0.0012229838690465	0.0	0.0	0.0
Prevotella	0.0	0.0	0.0131487033095293	0.0058297752587634	0.0026905581581675	0.0047635490789322	0.0	0.0	0.0	0.0	0.0	0.0	0.0	0.0	0.0	0.0	0.0	0.0	0.0	0.0	0.0	0.0
GGB4277	0.0	0.0	0.009571355175909	0.3901446424550961	0.3184702132094402	0.3784475482898639	0.0	0.0	0.0	0.0	0.0	0.0	0.0	0.0	0.0	0.0	0.0	0.0	0.0	0.0	0.0	0.0
GGB26772	0.0	0.0	0.0088957301046684	0.0	0.0	0.0	0.0	0.0	0.0	0.0	0.0	0.0	0.0	0.0	0.0	0.0	0.0	0.0	0.0	0.0	0.0	0.0001868689698503
GGB2848	0.0	0.0	0.0004504167141604	0.0006754498230843	0.0	0.0	0.0	0.0	0.0	0.0025118644059235	0.0005147631343847	0.0652383931016542	0.0	0.000998407107164	0.0047530894767502	0.0151091606914384	0.0038188092480239	0.0	0.0143201870056442	0.0	0.0034811033219575	0.001656338596401
Provencibacterium	0.0	0.0	6.929487910160408e-05	0.0102201991088115	0.0043393453221665	0.0184135810947693	0.0	0.0	0.0	0.0	0.0	0.0	0.0126014748963838	0.0075454838010448	0.0	0.0034995160837147	0.0035013310445065	0.0	0.0	0.0	0.0603892120648464	0.1152132139568431
Lachnospiraceae_unclassified	0.0	0.0	0.0	2.3626269883170794	5.819373788031464	3.452144017502232	5.238422141195526	3.953136601431185	1.8813295566732715	0.4827735038133109	2.661119499515521	0.427080178988735	3.933695243659972	7.613295965181891	26.26326131327168	0.579432375561072	2.828431456748442	0.0	0.0	0.0	0.0	0.0025227310929801
GGB9708	0.0	0.0	0.0	2.247374341718656	1.3935778791913604	1.3640422787522617	0.0	0.0	0.0	1.153125181205025	0.6301387115715464	1.274409744315402	0.0	0.0	0.3032209448213806	0.0	0.0	0.0	0.0	0.0	0.0	0.0
Fusicatenibacter	0.0	0.0	0.0	2.19102252790705	2.5013577803683456	1.583264092570987	0.0	0.0	0.0	0.0	0.0	0.0	1.743038140498547	2.4702535632685336	0.1288392492477639	0.0	0.0	0.0	0.0	0.0	0.0	0.0
GGB9345	0.0	0.0	0.0	1.95673793212866	0.4901901659017548	0.5328111774942301	0.0	0.0	0.0	0.0967580421669512	0.2315576166174169	0.0845116042644888	0.0	0.0	0.3340070106065702	0.0	0.0	0.0	0.0	0.0	0.0	0.0
Lachnospira	0.0	0.0	0.0	1.6719715031440403	0.514905567519312	1.217867026154267	0.0219813541033734	0.0433663215897129	0.0459724203292199	0.9907852642766152	1.384532664398004	0.4649521686222997	2.2382547756191338	1.292318721498627	0.1888764381614312	0.0	0.0	0.8396557592566318	0.5248769209325	0.0	0.1845068240333476	0.4160467732837019
GGB9715	0.0	0.0	0.0	1.5548694106014578	2.2767125800037844	1.8291125031378133	0.0	0.0	0.0	0.0	0.0	0.0	0.0	0.0	0.498603446743648	0.0	0.0	0.0	0.0	0.0	0.0	0.0
Peptococcus	0.0	0.0	0.0	1.40151817755335	0.5750165741749576	0.4371952492581444	0.0	0.0	0.0	0.0	0.0	0.0	0.0	0.0	0.0	0.0	0.0	0.0	0.0	0.0	0.0	0.0
Phocaeicola	0.0	0.0	0.0	1.3758591253454682	2.323666101032293	2.4216733695100303	4.887526487728681	1.0982153242540214	0.5884018666858564	1.2383918709027004	1.6607116653810077	0.0585372990454869	7.778815804462216	8.452019783427541	0.1973186227733472	0.4459695809184002	0.9427107067188514	4.210933122452523	3.680027851116739	0.9613808253271452	1.864443877768161	2.766459193929524
GGB9758	0.0	0.0	0.0	1.3120854045492572	0.6774956689005277	0.4192662360869216	0.0	0.0	0.0	0.0	0.0	0.0	0.0	0.0	0.0	0.0	0.0	0.0	0.0	0.0	0.0	0.0
Faecalibacterium	0.0	0.0	0.0	1.200660306948312	5.256120202877275	7.2010899946845575	0.0	0.0	0.0	3.1366778612622497	5.6417353177725245	0.2613599613364746	13.35518172918508	11.561739845642942	0.0	0.0	0.0	1.316287880735872	0.0	0.0	0.0290008463800493	0.0472438731958096
GGB3278	0.0	0.0	0.0	1.0673393775823832	1.0105588789495412	1.5246888649314263	0.0	0.0	0.0	0.0	0.0	0.0	0.0	0.0	0.0	0.0	0.0	0.0	0.0	0.0	0.0	0.0
Anaerobutyricum	0.0	0.0	0.0	0.7593583814639009	0.6335362141151014	0.3980027385604462	1.62802196397508	1.2189279094478327	0.634686611440789	1.0504292282825745	1.0292174108889147	0.2983327073805665	0.8514793481820342	1.1776697779361465	1.9019334919076931	0.2757356210260955	0.7022073613456735	0.0	0.0	0.0	0.0	0.0
Collinsella	0.0	0.0	0.0	0.7554665039118436	0.4956369055878012	0.240739914830454	4.59925447680106	3.560584480122289	4.125944474521436	0.0	0.0	0.0	0.0613011098979238	0.0	3.35309095485247	0.1521502105297086	0.1965190079772911	0.0	0.0	0.0027664033227972	0.4509489696614517	0.3083168121649581
GGB9350	0.0	0.0	0.0	0.6851473526871725	0.0986319246762391	0.0580495946377473	0.0	0.0	0.0	0.2216677619445077	0.1450945688119212	0.1012081366805649	0.0	0.0	0.0	0.0747934074991937	0.0665797146805131	0.0	0.0	0.0	0.0	0.0
Pyramidobacter	0.0	0.0	0.0	0.6491153210533531	0.2268353803286794	0.2658142516200751	0.0	0.0	0.0	0.0027425458309572	0.0	0.0	0.0	0.0	0.0	0.2467596278529372	0.0499892108452735	0.0	0.0	0.0	0.0	0.0
GGB9176	0.0	0.0	0.0	0.4522538619015638	0.2702780510776284	0.2508747761466651	0.0	0.0	0.0	0.0353369768125836	0.0138299695438042	0.0206047834010923	0.0	0.0	0.0	0.4376232350587405	0.3424592027313478	0.0	0.0	0.0	0.0	0.0
Coprococcus	0.0	0.0	0.0	0.4317571761986837	0.4159619318369438	0.2458319845355195	0.0	0.0	0.0	0.2957421306498028	0.303941892697489	0.9290483265200052	1.186795886115995	1.1188874550692245	0.3756772152302632	0.0637086903040272	0.1677373411269821	0.0	0.0	0.0	0.0	0.0
GGB9365	0.0	0.0	0.0	0.362041105173195	0.2818359670680493	0.1955190506432105	0.617843385443644	0.8653029672514294	0.0174207624119784	0.3395886889191886	0.389898756754173	0.5242157797977454	0.0	0.0	0.0	0.0	0.0	0.0	0.0	0.0	0.3820197846988533	0.3557815305069545
Akkermansia	0.0	0.0	0.0	0.3373148170067155	0.7977504938966743	0.3969021944628998	1.5107909957577663	7.033500353289836	1.3719197426572676	2.505319888457729	2.5245699987343877	0.7947411084884617	1.258876677995099	0.5279099667782549	0.1295020653949804	3.256308464686797	2.600400469370592	0.0	0.0	0.2350158116952209	0.2986569603030063	0.2908615515721158
Faecalibacillus	0.0	0.0	0.0	0.3131514036928062	0.3586563242364608	0.6712661953780932	0.0	0.0	0.0	0.0	0.0	0.0	0.144472621572999	0.2959614413156907	0.0309517698219937	0.0	0.0	0.0	0.0	0.0	0.0	0.0
GGB9770	0.0	0.0	0.0	0.3126287341868481	0.1177939486319689	0.209924680099154	0.0	0.0	0.0	0.3441083360985543	0.2625549366929533	0.3353227465706098	0.0	0.0	0.0	0.0	0.0	0.0	0.0	0.0	0.0	0.0
Eubacteriaceae_unclassified	0.0	0.0	0.0	0.3081176942969635	0.1674380278186455	0.2463001264277594	0.0	0.0	0.0	0.0430349014035261	0.015854704539051	0.1771164008342325	0.0	0.0	0.0	0.0143742623138583	0.0888122597325482	0.0	0.0	0.0	0.0007847091421199	0.0197826286718879
GGB3740	0.0	0.0	0.0	0.3030196563465414	0.5668382617246739	0.82294416846382	0.0	0.0	0.0	0.0	0.0	0.0	0.6253193096502477	0.1579603739989228	0.0	0.0764031848977025	0.0691376819202821	0.0	0.0	0.0	0.0	0.0
GGB32387	0.0	0.0	0.0	0.295702283263128	0.1153084635041495	0.0895382966526204	0.0	0.0	0.0	0.0	0.0	0.0	0.0664021300604938	0.0828942962779893	0.0	0.0	0.0	0.0	0.0	0.0	0.0	0.0
Frisingicoccus	0.0	0.0	0.0	0.257113191584775	0.0903223654865327	0.0878217763810741	0.0	0.0	0.0	0.0	0.0	0.0	0.0	0.0	0.0	0.2840819668857552	0.297177740103947	0.0	0.0	0.0	0.0	0.0
Porphyromonas	0.0	0.0	0.0	0.2524734945857315	0.0810694703572248	0.089801113153527	0.0	0.0	0.0	0.0152420615651956	0.0	0.0	0.0	0.0	0.0	0.300389711835866	0.0201644013262644	0.0	0.0	0.0	0.0	0.0
GGB9453	0.0	0.0	0.0	0.2504632272551234	0.12801478846452	0.2635392462841023	0.0	0.0	0.0	0.2408997577871397	0.2352553317994142	0.8001625097442254	0.0026304912336598	0.0019879787532026	0.0	0.3018507598008169	0.0586246179809477	0.6143424648293866	0.5921410337300599	0.0	0.0	0.0
GGB9699	0.0	0.0	0.0	0.2091803773537556	0.0774683879443115	0.0761100160594233	0.0	0.0	0.0	0.3294216187047363	0.1160790868037662	1.7817819999564848	0.0	0.0	1.8571497956451013	0.0	1.0331738531096903	0.0	0.0	0.0	0.0	0.0
GGB32900	0.0	0.0	0.0	0.2003191189604352	0.1860422531318283	0.2336849343842422	0.0	0.0	0.0	0.1848014527215148	0.1368326205050456	0.1134689771601071	0.0251674026139345	0.0	0.047600664888262	0.0061154043562915	0.0512954068826024	0.0	0.0	0.0	0.0	0.0
Parasutterella	0.0	0.0	0.0	0.1982847284218598	0.1796849891910361	0.2065573436812881	0.0	0.0	0.0	0.0	0.0	0.0	0.0	0.0	0.0	0.0469022643119871	0.0975746581496294	0.0	0.0	0.0	0.0650640750391779	0.2330425934915915
Dialister	0.0	0.0	0.0	0.1979711267182849	0.7630849488466254	0.3445606457042179	0.0	0.0	0.0	0.0	0.0	0.0	1.764366447798492	1.322827568764444	0.0	0.0	0.0	0.0	0.0	0.6822481606420523	0.0	0.0
Brotolimicola	0.0	0.0	0.0	0.181848782726808	0.5344449258508824	0.6842756121729703	0.0	0.0	0.0	0.3131970251440263	0.1232943500707261	0.0713774599144009	0.0371112547019034	0.0392824601632851	0.0234427605752378	0.0435864728226673	0.3209069681154214	0.0	0.0	0.0	0.0	0.050344199286509
GGB38744	0.0	0.0	0.0	0.1766944572911289	0.0576009127641842	0.1605398169756715	0.0	0.0	0.0	0.0013499135242718	0.0023335928758776	0.0115604680685104	0.0002932642253742	0.0021028397478321	0.0612581660269609	0.0	0.0	0.0	0.0	2.993162748104922	0.0058602746571084	0.003380629545475
GGB4239	0.0	0.0	0.0	0.1703259303877624	0.3209639012584735	0.5244421145434852	0.0	0.0	0.0	0.0	0.0	0.0	0.0	0.0	0.0	1.4834273703062697	2.1070846951335747	0.0	0.0	0.0	0.0	0.0
Senegalimassilia	0.0	0.0	0.0	0.1674150632930419	0.0748106414709997	0.1208216732761602	0.0	0.0	0.0	0.0	0.0	0.0	0.0918983440786358	0.1127758258039071	0.4268448775423616	0.0	0.0	0.0	0.0	0.0	0.0	0.0
Oliverpabstia	0.0	0.0	0.0	0.1493226573175691	0.083243244478915	0.0367039669547386	0.0	0.0	0.0	0.0	0.0	0.0	0.0	0.0	0.0	0.0007698935384172	1.144708481408272	0.0	0.0	0.0	0.0	0.0
Coprobacter	0.0	0.0	0.0	0.1429219661369129	0.1058012778172099	0.0804547013400357	0.0	0.0	0.0	0.0	0.0	0.0	0.0	0.0	0.0	0.0	0.0	0.0	0.0	0.0	0.0	0.0
Gemmiger	0.0	0.0	0.0	0.1363524125004857	0.2342590240272819	0.1426108038044488	0.0	0.0	0.0	0.8957616046756588	1.343969329408484	2.0546764896425427	0.0	0.0	0.2688504390821646	0.0	0.0	0.0	0.0	0.0	0.0	0.0
Candidatus_Cibionibacter	0.0	0.0	0.0	0.1297667767254136	0.2566283901776565	0.6052828276192276	0.0	0.0	0.0	0.0	0.0	0.0	1.7765680169330018	1.4965592408721082	0.1867048431527875	0.0	0.0	0.0	0.0	0.0	0.0	0.0
Dorea	0.0	0.0	0.0	0.1296702838935444	0.6547161566894568	1.0919614961886943	0.0	0.0	0.0	0.3189896920393194	0.3355226109919949	0.7587800114825267	0.8889905086458116	1.2181273544291025	0.6140642753357515	0.0	0.0	0.0	0.0	0.0	0.0	0.0
Slackia	0.0	0.0	0.0	0.1039951495470178	0.070052947166923	0.0344207486031124	0.0	0.0	0.0	0.0	0.0	0.0	0.0	0.0	0.0181315101324105	0.0	0.0	0.0	0.0	0.0685948118027341	0.0	0.0
GGB9707	0.0	0.0	0.0	0.0798156540944637	0.1208782470084048	0.0812020857644889	0.0	0.0	0.0	0.0	0.0	0.0	0.0	0.0	0.0072299287637173	0.0298158770332497	0.0813469865469811	0.0	0.0	0.0	0.0	0.0
GGB3000	0.0	0.0	0.0	0.0636852690336643	0.0233783254596874	0.0322360864393262	0.0	0.0	0.0	0.1136234174638661	0.0524629427793814	0.2110369066179024	0.0214438356311525	0.0233786301376636	0.0	0.0	0.0	0.0	0.0	0.0	0.0	0.0076956039402019
Adlercreutzia	0.0	0.0	0.0	0.0620931373078227	0.0479296686529661	0.0417713976128442	0.0	0.0	0.0	0.0174634382507062	0.0176048991959592	0.0769544994837272	0.1076368575070532	0.0722475656219483	0.0198670418863065	0.0025896419019489	0.0011882755617366	0.0	0.0	0.0	0.0106520092057981	0.072326785376181
GGB9502	0.0	0.0	0.0	0.0570111814960455	0.0473882758528471	0.0463706863787098	0.0	0.0	0.0	0.0475374610699264	0.0321812752846213	0.0605433039758492	0.0	0.0	0.0	0.0039457043843883	0.0072022198169383	0.0	0.0	0.0	0.0	0.0
Wujia	0.0	0.0	0.0	0.0563678959502509	0.0052170578920565	0.0	0.0	0.0	0.0	0.0	0.0	0.0	0.0	0.0	0.0	0.0	0.0	0.0	0.0	0.0	0.0	0.0
GGB9694	0.0	0.0	0.0	0.054622983907283	0.0121649321602513	0.0147177240507701	0.0	0.0	0.0	0.0	0.0002488021816193	0.0	0.0	0.0	0.0	0.0	0.0	0.0	0.0	0.0	0.0	0.0
GGB3001	0.0	0.0	0.0	0.0520015953081701	0.0170538732037509	0.0541401991867614	0.0	0.0	0.0	0.0	0.0	0.0	0.0	0.0	0.0	0.0002012221748135	0.0055150499353885	0.0	0.0	0.0	0.0	0.0
GGB3585	0.0	0.0	0.0	0.0504979153448752	0.0115825247540626	0.0247786682261012	0.0	0.0	0.0	0.0	0.0	0.0	0.0	0.0	0.0	0.0030970717340875	0.0034922602386917	0.0	0.0	0.0	0.0	0.0
GGB9522	0.0	0.0	0.0	0.0443464973132145	0.0131574856271363	0.0294354481015402	0.0	0.0	0.0	0.0	0.0	0.0	0.0	0.0	0.0	0.0	0.0	0.0	0.0	0.0	0.0	0.0
GGB9063	0.0	0.0	0.0	0.0390393915604091	0.0400548642875977	0.0461735740030299	0.0	0.0	0.0	0.0	0.0	0.0	0.0139967016655885	0.0065382412327555	0.0	0.2111957956521859	0.0135245714698426	0.0	0.0	0.0	0.0	0.0
Intestinibacter	0.0	0.0	0.0	0.0370693295764132	0.1259558552398247	0.0982440932451518	0.0085770209913123	0.007995804823427	0.0040602175342658	0.0	0.0	0.0	0.0552314291121479	0.0318871792013711	0.0144336937321498	0.0547411803395081	0.0319927321087424	0.7213645799743134	0.5669701175033005	0.0	0.0	0.0
GGB31234	0.0	0.0	0.0	0.0359194566633054	0.0267005085513272	0.022618645109275	0.0	0.0	0.0	0.0002563126944819	0.0002059052537539	0.0059315490613299	0.0	0.0	0.008817199010999	0.0	0.0	0.0	0.0	0.0	0.0007513172637318	0.0024123085198867
Megasphaera	0.0	0.0	0.0	0.0299369010874157	0.3455644619790358	0.4506071038200347	1.157661286772245	1.205387633498239	1.7697256285519118	0.0	0.0	0.0	0.0	0.0	0.633181288423892	0.0478471336545901	0.0878235418987368	0.0	0.0	0.0	0.3037742656659798	0.7902943556295075
GGB9469	0.0	0.0	0.0	0.0286262067878592	0.0051760432859869	0.0315544061400997	6.594502602034412	11.675399326066128	15.92801649496276	0.0	0.0	0.0	0.5534162536653098	1.2011102563016876	0.5461692265715301	1.828987085992684	2.382855333514632	2.678127936265424	5.197820221759189	0.0	2.8989660100789294	9.569432535376675
GGB9237	0.0	0.0	0.0	0.0278703462715506	0.0093595331050888	0.0150051795986367	0.0	0.0	0.0	0.0	0.0	0.0	0.0	0.0	0.0067677017136847	0.0054329987199671	0.00398208375269	0.0	0.0	0.0	0.0	0.0
GGB1266	0.0	0.0	0.0	0.0174732436376455	0.7544718815720037	0.8860037026500995	0.0	0.0	0.0	0.0	0.0	0.0	0.0	0.0	0.0	0.0	0.0	0.0	0.0	0.0	0.0	0.0
Guopingia	0.0	0.0	0.0	0.0173445865284866	0.0062260172013693	0.0120813460260506	0.0008322951932325	0.0116237786953721	0.0	0.0018283638873048	0.0024708630450469	0.0227318403531145	0.005758642970985	0.0123077973476059	0.0092968685912215	0.0274974476277887	0.0383422961790911	0.0027620255238704	0.0098098918857563	0.0171208676231321	0.0022205599128074	0.0394123645502618
Klebsiella	0.0	0.0	0.0	0.0168219170225285	0.0360518387352021	0.1440562945594351	0.0	0.0301291196245076	0.1103719817754926	0.0162758560996063	0.0375004943399306	0.1229802074333767	0.0	0.005937429876232	0.0	0.0	0.0	0.0	0.0	0.0	0.0	0.0041535875571288
GGB3433	0.0	0.0	0.0	0.0164841921109863	0.0039456051038981	0.0117856774625307	0.3779058227377497	0.2118843708504576	0.2063683642897063	1.4891596674273966	1.585684938544427	1.117119935314449	0.0	0.0	0.0	0.0	0.0	0.0	0.0	0.0	0.4196524316422218	0.3935375564608153
GGB3444	0.0	0.0	0.0	0.0145945408202147	0.0070955268500454	0.010307334644931	0.0180389031880613	0.0444270805350728	0.0379647690810844	0.0053227602887426	0.0001715877114615	0.0004496217947363	0.00252384969716	0.0013694964744285	0.0	0.0701740462686903	0.032890741884406	0.0487391273212225	0.0295337593908048	0.0	0.076075046937648	0.1215242887113354
Massilistercora	0.0	0.0	0.0	0.0134607500457517	0.0035682707280575	0.0070960455244784	0.0	0.0	0.0	1.137191075364728	0.868130867368773	2.2330725832771785	0.0560312406358958	0.0521115497172864	0.0	0.0	0.0	0.0	0.0	0.0	0.0173971686401907	0.2122831497500311
GGB45495	0.0	0.0	0.0	0.0125440681429944	0.0010007563880989	0.0013058694888797	0.0	0.0	0.0	0.0315008301518365	0.0333652304937063	0.0503317012915479	0.0	0.0	0.0	0.24635718350331	0.0730199868090096	0.0	0.0	0.0	0.0	0.0
GGB3486	0.0	0.0	0.0	0.0110966756649566	0.3050584370246721	0.1913221996443581	0.0	0.0	0.0	0.0	0.0	0.0	0.0	0.0	0.0	0.0	0.0	0.0	0.0	0.0	0.0	0.0
Enorma	0.0	0.0	0.0	0.0104453490498396	0.001976904012556	0.036145481890312	0.0	0.0	0.0	0.0	0.0	0.0	0.0	0.0	0.0	0.0	0.0	0.0	0.0	0.0	0.0	0.0
Zhenpiania	0.0	0.0	0.0	0.0094321743152131	0.0037979525220474	0.0357676831702588	0.0099437373086205	0.0162411999869387	0.0002429189977765	0.0125166032472038	0.0080646224386947	0.0352607245949033	0.0030303969955337	0.0001325319168801	0.0306814106040501	0.0210233428729164	0.020599800005374	0.0412349164363681	0.0671513554195626	0.0	0.0186827559581319	0.0188567778667201
GGB3033	0.0	0.0	0.0	0.0080651925303996	0.0061111763043744	0.027300064031674	0.0	0.0	0.0	0.0129523348278232	0.0070007786276329	0.0653940314152168	0.0	0.0	0.0	0.0	0.0	0.0	0.0	0.0154421832538805	0.0	0.0
Massiliimalia	0.0	0.0	0.0	0.0077355086881799	0.0043803599282361	0.0066032645852785	0.0015331753559547	0.0006863734352328	0.0	0.4025049116580344	0.2564893110927861	0.5467055161075403	0.0	0.0	0.007290977619382	0.0629825407166564	0.0458075693646582	0.1210956975065561	0.2283336904443279	0.0190736229098125	0.0081893581746771	0.03000096370507
GGB9781	0.0	0.0	0.0	0.0075827283710537	0.0012386411033027	0.0114489438207441	0.0	0.0	0.0	0.134171151804839	0.1355714508258029	0.1635758675542868	0.0	0.0	0.0	0.0039282068039698	0.0028663746374716	0.0	0.0	0.0	0.0921699323207036	0.0648010623176611
Lacrimispora	0.0	0.0	0.0	0.0070198535184834	0.0559931402062548	0.104888422908697	0.0241015165956079	0.054526575367785	0.0194161684651432	0.0090734693846624	0.0339915256405411	0.000371802637955	0.2339537574909745	0.0673173783140056	0.0	0.0	0.0	0.0	0.0	0.0	0.0	0.0
Ligaoa	0.0	0.0	0.0	0.0053231878914502	0.0123946139542413	0.0107179854275976	0.0	0.0	0.0	0.0	0.0	0.0	0.0	0.0	0.0	0.0029045983494832	0.0	0.0	0.0	0.0	0.0	0.0
GGB3550	0.0	0.0	0.0	0.0044949577512396	0.0046018388010121	0.010405890832771	0.0	0.0	0.0	0.1440733655683266	0.1331778022509138	0.0530726649248447	0.0	0.0	0.0	0.0	0.0	0.0	0.0	0.0	0.0	0.0
Ligilactobacillus	0.0	0.0	0.0	0.0042537256715667	0.0013288732366559	0.0045007325780256	0.0	0.0	0.0	0.0	0.0	0.0	0.0	0.0	0.0	0.0	0.0	0.0	0.0	0.0	0.1171804492333771	0.0266628043800155
Youxingia	0.0	0.0	0.0	0.0041813560476648	0.0094333593960142	0.0127301742626638	0.0	0.0	0.0	0.0	5.147631343847728e-05	0.0008473641516185	0.0078381529327296	0.0066000894606329	0.0	0.0005161786223479	0.0004444694849244	0.0	0.0	0.0	0.0	0.0
Qiania	0.0	0.0	0.0	0.0039642471759591	0.0020507303034813	0.0034987446683192	0.0	0.0	0.0	0.0063394673101878	0.0072066838813868	0.0324246486588738	0.0	0.0	0.0	0.0	0.0	0.0	0.0	0.0	0.0	0.0
GGB3537	0.0	0.0	0.0	0.0032405509369402	0.0023296296247548	0.0128205174348505	0.0562193500523505	0.1401360620168298	0.0455039336906507	0.0	0.0003774929652155	0.0105055861654751	0.0056875486133185	0.002279548970339	0.0	0.0	0.0	0.0	0.0	0.0	0.0	0.0259068344565298
Agathobaculum	0.0	0.0	0.0	0.0025731421831783	0.1377106413393798	0.3034709283906003	0.0	0.0	0.0	0.0	0.0	0.0	0.6474207680898152	0.2540195073536767	0.0071165523174829	0.0	0.0	0.0	0.0	0.0	0.0	0.0
Enteroscipio	0.0	0.0	0.0	0.0017368709736453	0.0	0.0025953129464527	0.0	0.0	0.0	0.0	0.0	0.0	0.0	0.0	0.0	0.0	0.0	0.0	0.0	0.0	0.0	0.0
Rothia	0.0	0.0	0.0	0.0014554335473602	0.0	0.0	0.0	0.0	0.0	0.0106028017950716	0.0200757622410061	0.0336784017403503	0.0	0.0023590681204671	0.0	0.0	0.0	0.0332887814676946	0.000485724089834	0.0	0.0	0.0016053743318964
Actinotignum	0.0	0.0	0.0	0.0007478194469862	0.0013370761578698	1.6426031306663074e-05	0.0	0.0	0.0	0.0	0.0	0.0	0.0	0.0	0.0	0.0	0.0	0.0	0.0	0.0	0.0	0.0
GGB9209	0.0	0.0	0.0	0.0005709159218926	0.0	0.0	0.0	0.0	0.0	0.0	0.0	0.0	0.0	0.0	0.0	0.0053192644472464	0.0	0.0	0.0	0.0	0.0	0.0
Yeguia	0.0	0.0	0.0	0.0004744230900235	7.382629092532872e-05	0.0031537980108793	0.0	0.0	0.0	0.0	0.0	0.0	0.0	0.0	0.0	0.0	0.0	0.0	0.0	0.0	0.0	0.0
GGB4604	0.0	0.0	0.0	0.0	0.0476343634892648	0.0035480227622392	0.0	0.0	0.0	0.0	0.0	0.0	0.0	0.0	0.0	0.0	0.0	0.0	0.0	0.0	0.0	0.0
Bacteria_unclassified	0.0	0.0	0.0	0.0	0.0419087244819449	0.0503539989705756	0.0191778334524848	0.0399701101764178	0.0966297070441312	0.04758017985234	0.062663832225773	0.0103240081329854	0.0444517471309676	0.0238734159606829	0.0	0.0	0.0007982309117009	0.0836001387025049	0.061548181097548	0.0	0.0014358507706875	0.0272998576863236
Veillonella	0.0	0.0	0.0	0.0	0.0263149712542727	0.0708536860412911	0.0	0.0	0.0	0.0	0.0	0.0	0.018422325430327	0.0087294355918411	0.0	0.0	0.0	0.0	0.0	0.0	0.0	0.0021914633736999
Faecalimonas	0.0	0.0	0.0	0.0	0.0223119457018771	0.149082660139274	0.4849302235854221	0.1489073796826628	0.2220539910032805	0.0	0.0	0.0	0.0	0.0	0.656964178337833	8.748790209286908e-05	0.0058053157214616	0.0	0.0	0.0	0.0	0.0
Colidextribacter	0.0	0.0	0.0	0.0	0.020006924840764	0.0389789722907114	0.0	0.0	0.0	0.0	0.0	0.0	0.0	0.0	0.0	0.0	0.0	0.0	0.0	0.0	0.0	0.0
GGB52130	0.0	0.0	0.0	0.0	0.0134609937120516	0.0132475942488237	0.0	0.0	0.0	0.0070571428547374	0.0175448434969476	0.0	0.0266070633566807	0.0422069977957743	0.0	0.0	0.0	0.0	0.0	0.0	0.0	0.0
Hydrogenoanaerobacterium	0.0	0.0	0.0	0.0	0.0099747521961333	0.0337144292569259	0.0097071902537017	0.0381873220329558	0.0564179372336133	0.0014780698715128	0.0130749836133732	0.0075657513537372	0.0843090213977389	0.0597542235907101	0.0	0.0	0.0	0.0	0.0	0.0	0.0067618553735866	0.0111866560587704
GGB3819	0.0	0.0	0.0	0.0	0.0083259650321342	0.0096502933926645	0.0	0.0	0.0	0.0432228640461462	0.0818301795960327	0.0252306999430917	0.0	0.0	0.0	0.0	0.0	0.0	0.0	0.0	0.0	0.0249724896072779
Phocea	0.0	0.0	0.0	0.0	0.0080060511047912	0.0200233321628222	0.001962464455622	0.0095557444489562	0.006983921186077	0.0	0.003783509037728	0.0	0.0223502886914001	0.0118836952135893	0.0	0.0	0.0	0.0	0.0	0.0	0.0	0.0
GGB9646	0.0	0.0	0.0	0.0	0.0054877542921161	0.0081473115281048	0.0	0.0	0.0	0.0073049117927367	0.0077386057869177	0.0033635168875471	0.0	0.0	0.0	0.0085475680344733	0.0	0.0	0.0	0.0	0.0	0.0058099261535299
GGB45497	0.0	0.0	0.0	0.0	0.0044705920615893	0.0074984832914916	0.0	0.0	0.0	1.0102479415442809	0.6382633897092528	1.186482743725512	0.0396884251673133	0.0272043848049381	0.0	0.0	0.0	0.0	0.0	0.0	0.0	0.0
GGB9574	0.0	0.0	0.0	0.0	0.0042163015039576	0.0080487553402649	0.0	0.0	0.0	0.0	0.0	0.0	0.0011908304909135	0.0	0.0	0.0333241419071738	0.0621803738603429	0.090398970761263	0.1123757376409008	0.0	0.0	0.0
Anaerotignum	0.0	0.0	0.0	0.0	0.0028956311885156	0.0086893705612247	0.0	0.0019967227206774	0.029176306768667	0.0031184711161975	0.0150053453673161	0.0	0.6058305688549235	0.3110435734566551	0.0	0.0	0.0	0.0	0.0	0.0	0.0	0.0
GGB13743	0.0	0.0	0.0	0.0	0.0024280646793219	0.0	0.0	0.0	0.0	0.0	0.0	0.0	0.0	0.0	0.0	0.0	0.0	0.0	0.0	0.0	0.0	0.0
Simiaoa	0.0	0.0	0.0	0.0	0.0014847287397204	0.0098309797370378	0.0	0.0	0.0	0.0	0.0	0.0	0.0	0.0	0.006322917193842	0.0	0.0	0.0	0.0	0.0	0.0	0.0
Pseudoflavonifractor	0.0	0.0	0.0	0.0	0.0	0.0098309797370378	0.0	0.0	0.0	0.0	0.0	0.0	0.0368179904765291	0.0261618003921473	0.0	0.0	0.0	0.1097756421287238	0.4064209585242118	0.0	0.0	0.0
GGB3576	0.0	0.0	0.0	0.0	0.0	0.0026938691342927	0.0	0.0	0.0	0.0	0.0	0.0	0.0	0.0	0.0	0.0	0.0	0.0	0.0	0.0	0.0	0.0
Massilimicrobiota	0.0	0.0	0.0	0.0	0.0	0.0008541536279464	0.0	0.0	0.0	0.0309540297369416	0.0203588819649177	0.0126585828364243	0.0098376817420994	0.032602851552524	0.0	0.0	0.0	0.5337338122327353	0.2783199034749324	0.0	0.0023290835175687	0.0061581819609784
Parascardovia	0.0	0.0	0.0	0.0	0.0	0.0006570412522665	0.0	0.0	0.0	0.0	0.0	0.0	0.0	0.0	0.0	0.0	0.0	0.0019036729764522	0.0	0.0	0.0	0.0
Schaalia	0.0	0.0	0.0	0.0	0.0	0.0006077631583465	0.0513394719193975	0.0480461404663006	0.0603046411980387	0.0	0.0003088578806308	0.001322925665282	0.0668731301800343	0.1190578386640276	0.0217595564119116	0.3476944204974803	0.3236372806656714	0.0	0.0	0.0	0.0302697377587964	0.1307403265425928
GGB34231	0.0	0.0	0.0	0.0	0.0	0.0002874555478666	0.0	0.0	0.0	0.0	0.0	0.0	0.0	0.0	0.0	0.0	0.0	0.0	0.0	0.0	0.0	0.0
Tyzzerella	0.0	0.0	0.0	0.0	0.0	0.0	5.428824998401032	0.095682239659605	0.7050376883325883	0.1823664821239359	0.0464144759503603	0.0666996639345474	0.0	0.0	0.0	0.1734447658991129	0.0056238996051659	0.0	0.0	0.0	0.0	0.0
Drancourtella	0.0	0.0	0.0	0.0	0.0	0.0	0.4513931077991672	0.4490041078716199	0.1923397921681082	0.0	0.0	0.0	0.0	0.0	0.0	0.0	0.0	0.0	0.0	0.0	0.0	0.0
Bilophila	0.0	0.0	0.0	0.0	0.0	0.0	0.3189179960426467	0.3415198107022964	0.3116216957549065	0.1354698027902144	0.1794206904898125	0.0888608304712657	0.3773244165201431	0.2619890932887381	0.1169521649233408	0.1176187355736532	0.2200577490666551	0.1070476107651471	0.167002350458313	0.1311001104088465	0.2147932577313381	0.2080276336638929
GGB9580	0.0	0.0	0.0	0.0	0.0	0.0	0.2605522004919596	0.2674806191043198	0.2527832442220193	0.0	0.0	0.0	0.0	0.0	0.0	0.0	0.0	0.0550365455156472	0.0124987216687664	0.0	0.0144419874028455	0.2317345107026389
GGB2653	0.0	0.0	0.0	0.0	0.0	0.0	0.1397292214406948	0.1415890343537513	0.0004945136740452	0.6900621235973791	0.7996158941821597	0.385360464380984	0.0428610108781801	0.0482151113610091	0.0104131905233757	0.0705414954574803	0.0472135442659497	0.0	0.0	1.2831829059694388	0.0155606153288462	0.045315725188717
Anaeromassilibacillus	0.0	0.0	0.0	0.0	0.0	0.0	0.0572531482923657	0.1280398444634402	0.6207100933901429	0.0140715669270612	0.0092314188766335	0.0735909825961801	0.0	0.0	0.0067328166533049	0.096604141490946	0.0449458428122537	0.0222916706126532	0.0130885294921364	0.0	0.0	0.0
GGB3511	0.0	0.0	0.0	0.0	0.0	0.0	0.0363318754351095	0.0	0.0	0.0	0.0	0.0	0.0	0.0	0.0	0.0513029057872584	0.0519303632896372	0.0	0.0	0.0	0.0	0.0
Fusobacterium	0.0	0.0	0.0	0.0	0.0	0.0	0.029997670964508	0.0	0.0060382722304466	0.0	0.0	0.0	0.0	0.0	0.0	0.0	0.0	0.0	0.0	0.0	0.0	0.0
GGB3496	0.0	0.0	0.0	0.0	0.0	0.0	0.0258099119922432	0.0100727530105602	0.0	0.7468182979121745	0.5701344888734281	0.9105619534979592	0.0	0.0	0.0	0.0	0.0	0.0	0.0	0.0	0.0	0.0
Neobittarella	0.0	0.0	0.0	0.0	0.0	0.0	0.0117747867337321	0.0246827018462312	0.0233636021790128	0.0063052922842569	0.0048216146920707	0.006130420239771	0.007793718959188	0.0073422681951619	0.0	0.0040856850277369	0.0	0.0	0.0	0.0	0.0	0.0
GGB2982	0.0	0.0	0.0	0.0	0.0	0.0	0.0085332159811421	0.0012033819968368	0.0	0.0582000691603772	0.0430685155768593	0.1325000842796221	0.0223414018966918	0.035774782096523	0.0211839529156446	0.0097024083420991	0.018586081114492	0.0	0.0	0.0	0.0	0.0
Bittarella	0.0	0.0	0.0	0.0	0.0	0.0	0.0027071496285143	0.0087267479622464	0.030816010003659	0.0022299204419933	0.0030628406495893	0.0209247066011932	0.0219681565189428	0.0185633038243504	0.0079712362967884	0.0177075513835967	0.0097057622218186	0.0	0.0	0.0	0.0020118606728819	0.0191795515419162
GGB34900	0.0	0.0	0.0	0.0	0.0	0.0	0.0024180365613914	0.0044658842993722	0.0	0.0107309581423126	0.0152284093922161	0.0836555935398945	0.001635170226329	0.0040996539621602	0.0	0.0	0.0	0.0	0.0	0.0	0.0	0.0
Mogibacterium	0.0	0.0	0.0	0.0	0.0	0.0	0.0004993771159395	0.0	0.0002342433192845	0.0	0.0	0.0	0.0040879255658226	0.0053807958253352	1.5799182208066855	0.1327716402161381	0.0742536163998202	0.0	0.0	0.0	0.0031889243860618	0.0062686045340718
Granulicatella	0.0	0.0	0.0	0.0	0.0	0.0	9.637102237429576e-05	0.0	0.0	0.0	0.0	0.0	0.0020883967564528	0.0073687745785379	0.0	0.0	0.0	0.0052096050650234	0.0	0.0	0.0	0.0
Gemella	0.0	0.0	0.0	0.0	0.0	0.0	0.0	0.0033694695911431	0.0	0.0	0.0	0.0	0.0004710001195404	0.0118130115245866	0.0	0.0	0.0	0.0	0.0	0.0	0.0	0.0027096000628305
Latilactobacillus	0.0	0.0	0.0	0.0	0.0	0.0	0.0	0.0009627055974694	0.0	0.0	0.0	0.0	0.0	0.0	0.0	0.0	0.0072385030401974	0.0	0.0	0.0	0.0	0.0
Helcococcus	0.0	0.0	0.0	0.0	0.0	0.0	0.0	0.0001247951700423	0.0	0.0	0.0	0.0	0.0	0.0	0.0	0.0021084584404381	0.0	0.0	0.0	0.0	0.0	0.0
Propionibacterium	0.0	0.0	0.0	0.0	0.0	0.0	0.0	0.0	0.0037565687870451	0.0	0.0	0.0	0.0	0.0	0.0	0.0	0.0187674972307876	0.0	0.0	0.0	0.0	0.0
Eubacteriales_Family_XIII_Incertae_Sedis_unclassified	0.0	0.0	0.0	0.0	0.0	0.0	0.0	0.0	0.0006680272438856	0.0014438948455818	0.0	0.0	0.0059363788651512	0.0024474227317206	0.0	0.0036744918879005	0.0	0.0	0.0	0.0	0.0	0.0
Intestinibacillus	0.0	0.0	0.0	0.0	0.0	0.0	0.0	0.0	0.0003557028181728	0.0281516776106052	0.033768461615641	0.0002075177514167	0.0	0.0	0.0	0.0033420378599475	0.0	0.0	0.0	0.0	0.0	0.000161386837598
GGB9635	0.0	0.0	0.0	0.0	0.0	0.0	0.0	0.0	0.0	1.9664737108482413	1.3672537818538215	0.656906088682833	0.0	0.0	0.0	0.0	0.0	0.0	0.0	0.0	0.0	0.0
GGB3256	0.0	0.0	0.0	0.0	0.0	0.0	0.0	0.0	0.0	1.731640020163842	1.8736348565336955	3.5374254098074287	0.4390432057693574	0.5571641785642731	0.0	0.0	0.0	0.0	0.0	0.0	0.0	0.0
GGB3167	0.0	0.0	0.0	0.0	0.0	0.0	0.0	0.0	0.0	1.4830594252987257	1.5529545825831286	0.3028894513387603	0.0	0.0	0.4486131552193683	1.624711583396044	3.3214841776168305	0.0804046876348886	0.0	0.0	0.9137687520898666	0.0
Firmicutes_unclassified	0.0	0.0	0.0	0.0	0.0	0.0	0.0	0.0	0.0	1.2077625039121027	0.6719117399268708	4.055173553019351	0.0	0.0	0.0	0.0636474487725622	0.1385928420440817	0.0	0.0	1.1876349323808133	0.0	0.0
GGB3304	0.0	0.0	0.0	0.0	0.0	0.0	0.0	0.0	0.0	1.0362722237906858	0.4109954658783756	0.416686998271944	0.1519997366909377	0.2118301804801529	0.0	0.0	0.0	0.0	0.0	0.0	0.0	0.0
GGB33512	0.0	0.0	0.0	0.0	0.0	0.0	0.0	0.0	0.0	0.9189749910392444	0.6526939162431725	0.2460814668884133	0.0083802474099365	0.0009012170347852	0.0	3.189441461117217	1.7236435917310335	0.0	0.0	0.0	4.337412999311134	3.47538910127736
GGB9342	0.0	0.0	0.0	0.0	0.0	0.0	0.0	0.0	0.0	0.8447553784737427	0.1839591854579716	0.9695921072030608	0.0	0.0	0.0	0.0	0.0	0.0	0.0	0.0	0.0	0.0
GGB9332	0.0	0.0	0.0	0.0	0.0	0.0	0.0	0.0	0.0	0.837578623028247	0.9576395970527118	0.168954035945172	0.0	0.0	0.0	0.0	0.0	0.0	0.0	0.0	0.0	0.0
Paraprevotella	0.0	0.0	0.0	0.0	0.0	0.0	0.0	0.0	0.0	0.4300927013407792	0.5705119818386436	0.0010289421841082	0.0	0.0	0.0	0.0	0.0	0.0	0.0	0.0	0.0007680132029258	0.059449814544673
GGB33469	0.0	0.0	0.0	0.0	0.0	0.0	0.0	0.0	0.0	0.3858189552472568	0.4197807567052091	0.2363973051556296	0.0	0.0	0.0	1.4466474562664275	0.4830385512488672	0.0	0.0	0.0	0.0	0.0
GGB9712	0.0	0.0	0.0	0.0	0.0	0.0	0.0	0.0	0.0	0.2886935315515481	0.2308369482292782	0.1648123274898118	0.0	0.0	0.0	0.0	0.0	0.0	0.0	0.0	0.0	0.0
GGB9512	0.0	0.0	0.0	0.0	0.0	0.0	0.0	0.0	0.0	0.2267854720776648	0.1431384689012591	0.5568738859269631	0.0	0.0	1.081628739606456	0.0	0.0	0.0	0.0	0.0464807146526954	1.3044537292304272	0.3753518080767397
Methanosphaera	0.0	0.0	0.0	0.0	0.0	0.0	0.0	0.0	0.0	0.1981638878605092	0.1501564063000382	0.7005366959182135	0.0	0.0	0.0	0.0	0.0	0.0	0.0	0.0	0.0	0.0
GGB32451	0.0	0.0	0.0	0.0	0.0	0.0	0.0	0.0	0.0	0.1654071255057109	0.1477198607972836	0.0868202392490006	0.0	0.0	0.0	0.0	0.0	0.0	0.0	0.0	0.0	0.0
GGB42689	0.0	0.0	0.0	0.0	0.0	0.0	0.0	0.0	0.0	0.12210736765122	0.1541543999770932	0.1438703277426672	0.0	0.0	0.0	0.0	0.0	0.0	0.0	0.0	0.0	0.0
GGB3548	0.0	0.0	0.0	0.0	0.0	0.0	0.0	0.0	0.0	0.1197151158360548	0.1958502138622598	0.0379671019362973	0.0	0.0	0.0	0.0	0.0	0.0	0.0	0.0	0.0	0.0
GGB9211	0.0	0.0	0.0	0.0	0.0	0.0	0.0	0.0	0.0	0.1124700103386972	0.0676227170870129	0.1245798234338812	0.0	0.0	0.0	0.0	0.0	0.0	0.0	0.0	0.0	0.0
GGB9199	0.0	0.0	0.0	0.0	0.0	0.0	0.0	0.0	0.0	0.1102486336531866	0.0898347463357159	0.148625942879302	0.0	0.0	0.0	0.0	0.0	0.0	0.0	0.0	0.0	0.0
Parvimonas	0.0	0.0	0.0	0.0	0.0	0.0	0.0	0.0	0.0	0.0961941542390908	0.0317437266203943	0.0023778075683174	0.0	0.0	0.0	0.0730349006671271	0.0134066509942504	0.0	0.0	0.0	0.0	0.0
GGB9412	0.0	0.0	0.0	0.0	0.0	0.0	0.0	0.0	0.0	0.089213905192698	0.0846013211361374	0.2678881239331279	0.0	0.0	0.0	0.0	0.0	0.0	0.0	0.0	0.0	0.0
GGB47150	0.0	0.0	0.0	0.0	0.0	0.0	0.0	0.0	0.0	0.0868216533775327	0.157792059460079	0.0050150123259058	0.0	0.0	0.0	0.0	0.0	0.0	0.0	0.0	0.0	0.1468110579497254
GGB9547	0.0	0.0	0.0	0.0	0.0	0.0	0.0	0.0	0.0	0.0774320650030092	0.047135144338499	0.064927116474529	0.0	0.0	0.0	0.1074263949798339	0.0907715537885415	0.0	0.0	0.0	0.0	0.0265353937187538
GGB9719	0.0	0.0	0.0	0.0	0.0	0.0	0.0	0.0	0.0	0.0661286751763534	0.0716464489207872	0.5760519847870651	0.0051721145202365	0.005963936259608	0.0410597160670461	0.1238216278320376	0.0516310266977494	0.0	0.0	0.4212641295204497	0.0491611929568538	0.0328379744291621
GGB30290	0.0	0.0	0.0	0.0	0.0	0.0	0.0	0.0	0.0	0.0653255620669765	0.0560233877922094	0.0660425243883942	0.0	0.0	0.0	0.0	0.0	0.0	0.0	0.0	0.0	0.0
GGB9782	0.0	0.0	0.0	0.0	0.0	0.0	0.0	0.0	0.0	0.0607631961051971	0.0433344765296247	0.0082834169107203	0.0	0.0	0.0	0.0	0.0	0.0	0.0	0.0	0.0	0.0
Yanshouia	0.0	0.0	0.0	0.0	0.0	0.0	0.0	0.0	0.0	0.0572944309732075	0.0539471764835241	0.0425324924674667	0.0	0.0	0.0	0.0	0.0	0.0	0.0	0.0	0.0	0.0
Lentihominibacter	0.0	0.0	0.0	0.0	0.0	0.0	0.0	0.0	0.0	0.0535864406597013	0.0342060102798681	0.1819671282736	0.0302950831606295	0.0375330388604667	0.389535305466146	0.1549848185575175	0.1581948534098295	0.0	0.0	2.784055202822895	0.0363721035342184	0.0324642364894613
GGB9667	0.0	0.0	0.0	0.0	0.0	0.0	0.0	0.0	0.0	0.0514248702695699	0.0492714113461958	0.0183480278544347	0.0	0.0	0.0069334057504888	0.0	0.0	0.0	0.0	0.0	0.0	0.0
GGB33544	0.0	0.0	0.0	0.0	0.0	0.0	0.0	0.0	0.0	0.0417704254440816	0.080466057289913	0.0294761672741602	0.0	0.0	0.0	0.0	0.0	0.0	0.0	0.0	0.0	0.0
GGB9525	0.0	0.0	0.0	0.0	0.0	0.0	0.0	0.0	0.0	0.0414115876718068	0.0191663473702597	0.0074706390510045	0.0	0.0	0.0	0.0	0.0	0.0	0.0	0.0	0.0	0.0
GGB4802	0.0	0.0	0.0	0.0	0.0	0.0	0.0	0.0	0.0	0.0399164302873285	0.0590519108995065	0.0031300594172032	0.0	0.0	0.0	0.0027646177061346	0.0034741186270621	0.0	0.0	0.0	0.0	0.0
GGB9695	0.0	0.0	0.0	0.0	0.0	0.0	0.0	0.0	0.0	0.0327823936242465	0.0560834434912209	0.0	0.0	0.0	0.0	0.0149079385166248	0.0363285772882091	0.0	0.0	0.3826458243114937	0.0	0.0
GGB9495	0.0	0.0	0.0	0.0	0.0	0.0	0.0	0.0	0.0	0.0313043237527337	0.0248887975475037	0.0160999188807528	0.0	0.0	0.0	0.0	0.0	0.0	0.0	0.0	0.0	0.0
GGB3061	0.0	0.0	0.0	0.0	0.0	0.0	0.0	0.0	0.0	0.0300911103321856	0.0219203301392182	0.0432588045974255	0.0	0.0	0.0	0.0100086159994242	0.0116106314429232	0.0	0.0	0.0	0.0	0.0
GGB45491	0.0	0.0	0.0	0.0	0.0	0.0	0.0	0.0	0.0	0.028766828077362	0.0972387560852835	0.3224739391287201	0.0111618141536376	0.0070506979780255	0.0	0.035738808004937	0.0046442525771693	0.0	0.0	0.0	0.0	0.0
GGB3002	0.0	0.0	0.0	0.0	0.0	0.0	0.0	0.0	0.0	0.0265112763659205	0.0182569324995132	0.0666218447777661	0.0339386689910366	0.0494609113796828	0.0	0.4252261993321809	0.4787480600984745	0.0	0.0	0.0	0.0	0.0
GGB9602	0.0	0.0	0.0	0.0	0.0	0.0	0.0	0.0	0.0	0.0243582497322717	0.0164123646013011	0.0164457817997808	0.0	0.0	0.0	0.0	0.0	0.0	0.0	0.0	0.0	0.0
GGB9765	0.0	0.0	0.0	0.0	0.0	0.0	0.0	0.0	0.0	0.0237260117525495	0.0304482393988593	0.0479279540043034	0.0	0.0	0.0	0.0	0.0	0.0	0.0	0.0	0.0	0.0
GGB9289	0.0	0.0	0.0	0.0	0.0	0.0	0.0	0.0	0.0	0.0234953303275157	0.0302165959883861	0.0694838604327227	0.0	0.0	0.0	0.0	0.0	0.0	0.0	0.0	0.0	0.0
Sutterella	0.0	0.0	0.0	0.0	0.0	0.0	0.0	0.0	0.0	0.0218720165957964	0.0439436129053134	0.0	1.2037341168300342	0.770346184596604	0.0003052442783234	0.0	0.0	0.1220730296150026	0.1540525992775578	0.0	0.0	0.0
GGB36267	0.0	0.0	0.0	0.0	0.0	0.0	0.0	0.0	0.0	0.0209407471391785	0.0225895222139184	0.0433452703271825	0.0	0.0	0.0	0.0	0.0	0.0	0.0	0.0	0.0	0.0
GGB9641	0.0	0.0	0.0	0.0	0.0	0.0	0.0	0.0	0.0	0.0171046004784314	0.023627627868261	0.2105181122393604	0.0	0.0	0.0	0.0	0.0	0.0	0.0	0.0	0.0	0.0
GGB3095	0.0	0.0	0.0	0.0	0.0	0.0	0.0	0.0	0.0	0.0163783811773991	0.0062543720827749	0.0	0.0	0.0	0.0	0.0	0.0	0.0	0.0	0.0	0.0	0.0
GGB9238	0.0	0.0	0.0	0.0	0.0	0.0	0.0	0.0	0.0	0.0149259425753345	0.0082705276924486	0.0080672525863278	0.0	0.0	0.0	0.0	0.0	0.0	0.0	0.0	0.0	0.0
Pseudomonas	0.0	0.0	0.0	0.0	0.0	0.0	0.0	0.0	0.0	0.0146781736373352	0.0087938702124065	0.0	0.0	0.0	0.0	0.0042606608319227	0.0	0.0	0.0	0.0	0.0157359226903836	0.2052330931602214
Enterobacter	0.0	0.0	0.0	0.0	0.0	0.0	0.0	0.0	0.0	0.0132342787917534	0.0040666287616397	0.0032165251469602	0.0	0.0	0.0	0.0	0.0021769933955481	0.0	0.0	0.0	0.0	0.0
GGB3352	0.0	0.0	0.0	0.0	0.0	0.0	0.0	0.0	0.0	0.0127643721852031	0.0235675721692495	0.0667774830913287	0.0	0.0	0.0	0.0	0.0	0.0065098816962609	0.0050480610764899	0.0	0.0	0.0
GGB9343	0.0	0.0	0.0	0.0	0.0	0.0	0.0	0.0	0.0	0.0112008647488629	0.0347550909565452	0.0092777728029257	0.0	0.0	0.0	0.0002624637062786	0.0	0.0	0.0	0.0	0.0	0.0
GGB9620	0.0	0.0	0.0	0.0	0.0	0.0	0.0	0.0	0.0	0.0108762020025191	0.0	0.001322925665282	0.0	0.0	0.0	0.0	0.0	0.0	0.0	0.0	0.0	0.0
GGB9117	0.0	0.0	0.0	0.0	0.0	0.0	0.0	0.0	0.0	0.0092272570013516	0.0041266844606512	0.0021270569520221	0.0	0.0	0.0	0.0919322875191868	0.003900446500357	0.0	0.0	0.0	0.0	0.0
GGB9189	0.0	0.0	0.0	0.0	0.0	0.0	0.0	0.0	0.0	0.0078944309900452	0.0067605558315866	0.058995567413199	0.0	0.0	0.0	0.0	0.0	0.0	0.0	0.0	0.0	0.0
Oxalobacter	0.0	0.0	0.0	0.0	0.0	0.0	0.0	0.0	0.0	0.0076124870261151	0.0168499132655282	0.0391516824339682	0.0	0.0	0.0	0.0	0.0	0.0	0.0	0.0	0.0	0.0
GGB3510	0.0	0.0	0.0	0.0	0.0	0.0	0.0	0.0	0.0	0.0074416118964604	0.0117880757774112	0.015027743831766	0.0138545129502556	0.012846760476252	0.0	0.0093699543141462	0.0140143949838409	0.0	0.0	0.0	0.0	0.0
GGB13404	0.0	0.0	0.0	0.0	0.0	0.0	0.0	0.0	0.0	0.006493254926877	0.0053792747543208	0.0083698826404773	0.0	0.0	0.0	0.0	0.0	0.0	0.0	0.0	0.0	0.0
Anaerococcus	0.0	0.0	0.0	0.0	0.0	0.0	0.0	0.0	0.0	0.0059464545119821	0.0	0.0	0.0	0.0	0.0	0.0081626212652646	0.0	0.0001784693415424	0.0	0.0	0.0	0.0
GGB9619	0.0	0.0	0.0	0.0	0.0	0.0	0.0	0.0	0.0	0.0059464545119821	0.0225380459004799	0.0	0.0	0.0	0.0	0.0	0.0	0.0	0.0	0.0	0.0	0.0226790977045687
Angelakisella	0.0	0.0	0.0	0.0	0.0	0.0	0.0	0.0	0.0	0.0054680041489491	0.0095231179861182	0.0127018157013028	0.0	0.0	0.0	0.0	0.0	0.0	0.0	0.0	0.0	0.0
GGB9621	0.0	0.0	0.0	0.0	0.0	0.0	0.0	0.0	0.0	0.005023728811847	0.0153399414046662	0.0009078901624484	0.0	0.0	0.0	0.0	0.0	0.0	0.0	0.0	0.0	0.0
GGB9611	0.0	0.0	0.0	0.0	0.0	0.0	0.0	0.0	0.0	0.0039472154950226	0.0012697490648157	0.00166878858431	0.0	0.0	0.0	0.0	0.0	0.0	0.0	0.0	0.0108022726585445	0.0018686896985037
Anaerolineaceae_unclassified	0.0	0.0	0.0	0.0	0.0	0.0	0.0	0.0	0.0	0.0026485645096472	0.0	0.0	0.0	0.0	0.0	0.0	0.0	0.0	0.0	0.0	0.0	0.0
GGB9590	0.0	0.0	0.0	0.0	0.0	0.0	0.0	0.0	0.0	0.0025716707013026	0.0034918099282433	0.0413133256778931	0.0	0.0	0.0	0.0	0.0	0.0	0.0	0.0	0.0	0.0
GGB74463	0.0	0.0	0.0	0.0	0.0	0.0	0.0	0.0	0.0	0.0024093393281307	0.0014670749329966	0.0034759223362312	0.0	0.0	0.0	0.0	0.0	0.0	0.0	0.0	0.0	0.0
Butyricicoccus	0.0	0.0	0.0	0.0	0.0	0.0	0.0	0.0	0.0	0.001982151503994	0.0028311972391162	0.0019973583573866	0.0	0.0	0.0	0.0	0.0005623899605165	0.0	0.0	0.0	0.0	0.0
GGB9186	0.0	0.0	0.0	0.0	0.0	0.0	0.0	0.0	0.0	0.0019138014521321	0.003560445012828	0.0087243921324809	0.0481219933454997	0.0398037523696804	0.0	0.0	0.0	0.0	0.0	0.0	0.0	0.0
GGB9466	0.0	0.0	0.0	0.0	0.0	0.0	0.0	0.0	0.0	0.0016660325141329	0.0026167125997892	0.0040120098607246	0.0	0.0	0.0	0.0903925004423523	0.5122465459724711	0.0	0.0	0.0	0.0	0.0
Peptostreptococcus	0.0	0.0	0.0	0.0	0.0	0.0	0.0	0.0	0.0	0.0014866136279955	0.0	0.0	0.0	0.0	0.0	0.0070602736988945	0.0	0.0	0.0	0.0	0.0	0.0
GGB3321	0.0	0.0	0.0	0.0	0.0	0.0	0.0	0.0	0.0	0.0014268073326164	0.0019217823683698	0.0036229140768181	0.0	0.0	0.0	0.0	0.0	0.0	0.0	0.0	0.0	0.0
Traorella	0.0	0.0	0.0	0.0	0.0	0.0	0.0	0.0	0.0	0.0010508820473761	0.0	0.0014872105518203	0.0	0.0	0.0	0.0	0.0	0.0	0.0	0.0	0.0	0.0
GGB1455	0.0	0.0	0.0	0.0	0.0	0.0	0.0	0.0	0.0	0.0010423382908934	0.0	0.0	0.0	0.0	0.0	0.0	0.0	0.0	0.0	0.0	0.0	0.0
GGB35551	0.0	0.0	0.0	0.0	0.0	0.0	0.0	0.0	0.0	0.0009141819436524	0.0011324788956465	0.0	0.0	0.0	0.0	0.0	0.0	0.0	0.0	0.0	0.0	0.0
GGB9476	0.0	0.0	0.0	0.0	0.0	0.0	0.0	0.0	0.0	0.0007518505704805	0.001295487221535	0.0075657513537372	0.0005154340930819	0.0027478284099823	0.0	0.0	0.0	0.0	0.0	0.0	0.0	0.0
GGB42389	0.0	0.0	0.0	0.0	0.0	0.0	0.0	0.0	0.0	0.0007176755445495	0.0016300832588851	0.0061909462506009	0.0	0.0	0.0	0.0632537532131443	0.0032564192875073	0.0	0.0	0.0	0.0034226675347784	0.0077295801165384
GGB3892	0.0	0.0	0.0	0.0	0.0	0.0	0.0	0.0	0.0	0.0005040816324812	0.0	0.0030608868333976	0.0	0.0	0.0	0.0	0.0	0.0	0.0	0.0	0.0	0.0
GGB9724	0.0	0.0	0.0	0.0	0.0	0.0	0.0	0.0	0.0	0.0004955378759985	0.0	0.0	0.0	0.0	0.0	0.0	0.0	0.0	0.0	0.0	0.0	0.0
GGB42378	0.0	0.0	0.0	0.0	0.0	0.0	0.0	0.0	0.0	0.0	0.0035003893138164	0.0	0.0	0.0	0.0	0.0	0.0	0.0	0.0	0.0	0.0	0.0
GGB3123	0.0	0.0	0.0	0.0	0.0	0.0	0.0	0.0	0.0	0.0	0.002488021816193	0.0	0.0	0.0	0.0	0.0	0.0	0.0	0.0	0.0	0.0	0.0
GGB30287	0.0	0.0	0.0	0.0	0.0	0.0	0.0	0.0	0.0	0.0	0.0013555429205465	0.0	0.0	0.0	0.0	0.0	0.0	0.0	0.0	0.0	0.0	0.0
Dielma	0.0	0.0	0.0	0.0	0.0	0.0	0.0	0.0	0.0	0.0	0.0011067407389272	0.0	0.0	0.0	0.0341263103165572	0.0	0.0055876163819068	0.0	0.0003035775561463	0.0	0.0	0.0
GGB2970	0.0	0.0	0.0	0.0	0.0	0.0	0.0	0.0	0.0	0.0	0.0010123674976233	0.0	0.0	0.0	0.0	0.0	0.0	0.0	0.0	0.0	0.0035144952003456	0.0122229294370316
GGB9780	0.0	0.0	0.0	0.0	0.0	0.0	0.0	0.0	0.0	0.0	0.0007292477737117	0.0	0.0	0.0	0.0	0.0	0.0	0.0	0.0	0.0	0.0	0.0
GGB45540	0.0	0.0	0.0	0.0	0.0	0.0	0.0	0.0	0.0	0.0	0.0005662394478232	0.0018244268978726	0.0	0.0	0.0	0.0	0.0	0.0	0.0	0.0	0.0	0.0
GGB42639	0.0	0.0	0.0	0.0	0.0	0.0	0.0	0.0	0.0	0.0	0.0002316434104731	0.0033289305956443	0.0	0.0	0.0	0.0	0.0	0.0	0.0	0.0	0.0	0.0
GGB3583	0.0	0.0	0.0	0.0	0.0	0.0	0.0	0.0	0.0	0.0	0.0	0.006908611807584	0.0	0.0	0.0	0.0	0.0	0.0	0.0	0.0	0.0	0.0
GGB9301	0.0	0.0	0.0	0.0	0.0	0.0	0.0	0.0	0.0	0.0	0.0	0.0038131386822835	0.0	0.0	0.0	0.0	0.0	0.0	0.0	0.0	0.0	0.0
Gehongia	0.0	0.0	0.0	0.0	0.0	0.0	0.0	0.0	0.0	0.0	0.0	0.0021789363898763	0.0004621133248321	0.0001943801447575	0.0	0.0	0.0	0.0	0.0	0.0	0.0	0.0
Olsenella	0.0	0.0	0.0	0.0	0.0	0.0	0.0	0.0	0.0	0.0	0.0	0.0013315722382577	0.0	0.0	0.0	0.0	0.0	0.0	0.0	0.0	0.0	0.0
GGB51647	0.0	0.0	0.0	0.0	0.0	0.0	0.0	0.0	0.0	0.0	0.0	0.0	1.1799886013694294	0.8746311322590542	0.0	0.0	0.0	0.0	0.0	0.0	0.0	0.0
Holdemanella	0.0	0.0	0.0	0.0	0.0	0.0	0.0	0.0	0.0	0.0	0.0	0.0	1.1187408122397553	1.5182149560903295	3.4495394255375724	0.0	0.0	9.318164773751208	3.874907294873744	0.0	0.0	0.0
GGB36331	0.0	0.0	0.0	0.0	0.0	0.0	0.0	0.0	0.0	0.0	0.0	0.0	0.4443663957996352	0.4289351312521371	0.0	0.0	0.0	0.0	0.0	0.0	0.0	0.0
Negativibacillus	0.0	0.0	0.0	0.0	0.0	0.0	0.0	0.0	0.0	0.0	0.0	0.0	0.0916495138268031	0.0890614481434803	0.0	0.0	0.0	0.0	0.0	0.0	0.0	0.0
GGB51959	0.0	0.0	0.0	0.0	0.0	0.0	0.0	0.0	0.0	0.0	0.0	0.0	0.0499437862607033	0.0882485857199486	0.0	0.0	0.0	0.0	0.0	0.0	0.0	0.0
Catenibacillus	0.0	0.0	0.0	0.0	0.0	0.0	0.0	0.0	0.0	0.0	0.0	0.0	0.0417323879502247	0.0284325139013611	0.0	0.0	0.0	0.0	0.0	0.0	0.0	0.0
GGB9501	0.0	0.0	0.0	0.0	0.0	0.0	0.0	0.0	0.0	0.0	0.0	0.0	0.030481705849504	0.0210637393228231	0.0	0.0	0.0	0.0	0.0	0.0	0.0628101232479824	0.0148985533235257
GGB51441	0.0	0.0	0.0	0.0	0.0	0.0	0.0	0.0	0.0	0.0	0.0	0.0	0.028935403570258	0.0289891479522578	0.0	0.0	0.0	0.0	0.0	0.0	0.0	0.0
GGB3677	0.0	0.0	0.0	0.0	0.0	0.0	0.0	0.0	0.0	0.0	0.0	0.0	0.020084156040781	0.0240236187998138	0.0	0.0	0.0	0.0	0.0	0.0	0.0	0.0
GGB9775	0.0	0.0	0.0	0.0	0.0	0.0	0.0	0.0	0.0	0.0	0.0	0.0	0.0195420615635741	0.0127672413261239	0.0	0.0	0.0	0.0	0.0	0.0	0.0	0.0
GGB29535	0.0	0.0	0.0	0.0	0.0	0.0	0.0	0.0	0.0	0.0	0.0	0.0	0.0193021181064497	0.0131736725378898	0.0	0.0	0.0	0.0	0.0	0.0	0.0	0.0
GGB9184	0.0	0.0	0.0	0.0	0.0	0.0	0.0	0.0	0.0	0.0	0.0	0.0	0.017533645959496	0.2670606479746863	0.0	0.0	0.0	0.0	0.0	0.0	0.0	0.0
Hydrogeniiclostridium	0.0	0.0	0.0	0.0	0.0	0.0	0.0	0.0	0.0	0.0	0.0	0.0	0.0149387019046694	0.0248718230678469	0.0	0.0	0.0	0.0	0.0	0.0	0.004073809163346	0.0020215824920177
GGB9210	0.0	0.0	0.0	0.0	0.0	0.0	0.0	0.0	0.0	0.0	0.0	0.0	0.0111529273589293	0.0041349958066615	0.0	0.0700253168351324	0.0359022494149143	0.0	0.0	0.0	0.0	0.0
GGB2977	0.0	0.0	0.0	0.0	0.0	0.0	0.0	0.0	0.0	0.0	0.0	0.0	0.0106552668552639	0.0193143180200047	0.0	0.0	0.0	0.0	0.0	0.0	0.0	0.0
GGB2987	0.0	0.0	0.0	0.0	0.0	0.0	0.0	0.0	0.0	0.0	0.0	0.0	0.0074915679391055	0.0125728611813663	0.0	0.0	0.0	0.0	0.0	0.0	0.0	0.0
Solobacterium	0.0	0.0	0.0	0.0	0.0	0.0	0.0	0.0	0.0	0.0	0.0	0.0	0.0033503216050329	0.0022883844314644	0.0033315232662726	0.0377947737041194	0.0150393960409115	0.0	0.0	0.0	0.0019701208248968	0.0032277367519611
GGB3600	0.0	0.0	0.0	0.0	0.0	0.0	0.0	0.0	0.0	0.0	0.0	0.0	0.0027282459754512	0.0043647177959205	0.0	0.0	0.0	0.0	0.0	0.0	0.0	0.0
GGB3057	0.0	0.0	0.0	0.0	0.0	0.0	0.0	0.0	0.0	0.0	0.0	0.0	0.0017595853522454	0.000998407107164	0.0	0.0	0.0	0.0	0.0	0.0	0.0	0.0
Massilioclostridium	0.0	0.0	0.0	0.0	0.0	0.0	0.0	0.0	0.0	0.0	0.0	0.0	0.001404113563913	0.0018201049918211	0.0	0.0	0.0	0.0	0.0	0.0300707184716443	0.0	0.0
GGB3034	0.0	0.0	0.0	0.0	0.0	0.0	0.0	0.0	0.0	0.0	0.0	0.0	0.0012352644644551	0.0038522610506505	0.0	0.0	0.0	0.0	0.0	0.0	0.0	0.0
GGB28640	0.0	0.0	0.0	0.0	0.0	0.0	0.0	0.0	0.0	0.0	0.0	0.0	0.0011552833120803	0.0	0.0	0.0	0.0	0.0	0.0	0.0	0.0	0.0
Lancefieldella	0.0	0.0	0.0	0.0	0.0	0.0	0.0	0.0	0.0	0.0	0.0	0.0	0.0010930757491221	0.0	0.0	0.0083813410204968	0.0018957984152898	0.0	0.0	0.0	0.0	0.0
Leuconostoc	0.0	0.0	0.0	0.0	0.0	0.0	0.0	0.0	0.0	0.0	0.0	0.0	0.0	0.0066884440718863	0.0	0.0	0.0	0.0	0.0062190030787685	0.0	0.0	0.0
Candidatus_Saccharibacteria_unclassified	0.0	0.0	0.0	0.0	0.0	0.0	0.0	0.0	0.0	0.0	0.0	0.0	0.0	0.0005743049731474	0.0	0.0	0.0	0.0	0.0	0.0	0.0	0.0
Massilicoli	0.0	0.0	0.0	0.0	0.0	0.0	0.0	0.0	0.0	0.0	0.0	0.0	0.0	0.0003622539061391	0.0	0.4471681651770725	0.0473949603822453	0.0	0.0	0.0	0.0	0.0
Merdimonas	0.0	0.0	0.0	0.0	0.0	0.0	0.0	0.0	0.0	0.0	0.0	0.0	0.0	0.0001678737613815	0.0	0.0	0.0	0.0	0.0	0.0	0.0	0.0
Vescimonas	0.0	0.0	0.0	0.0	0.0	0.0	0.0	0.0	0.0	0.0	0.0	0.0	0.0	0.0	2.525189980653527	0.0	0.0	0.0	0.0	0.0	1.310430875461894	1.0826593530045103
Acidaminococcus	0.0	0.0	0.0	0.0	0.0	0.0	0.0	0.0	0.0	0.0	0.0	0.0	0.0	0.0	1.4934992049807807	0.0	0.0	0.0	0.0	0.3291591718320238	1.1717460565465918	0.671513643157339
Faecalitalea	0.0	0.0	0.0	0.0	0.0	0.0	0.0	0.0	0.0	0.0	0.0	0.0	0.0	0.0	0.4000705937008512	0.0	0.0	0.0	0.0	0.0	0.0	0.0
Pseudoruminococcus	0.0	0.0	0.0	0.0	0.0	0.0	0.0	0.0	0.0	0.0	0.0	0.0	0.0	0.0	0.3176895236139102	6.100828871802877	3.2615261511811093	0.0	0.0	0.0	0.0	0.0
GGB3052	0.0	0.0	0.0	0.0	0.0	0.0	0.0	0.0	0.0	0.0	0.0	0.0	0.0	0.0	0.2457042015201551	0.0	0.0	0.0	0.0	0.0	0.0	0.0
GGB9730	0.0	0.0	0.0	0.0	0.0	0.0	0.0	0.0	0.0	0.0	0.0	0.0	0.0	0.0	0.1388599828418667	0.0	0.0	0.0	0.0	0.0	0.0	0.0
Ellagibacter	0.0	0.0	0.0	0.0	0.0	0.0	0.0	0.0	0.0	0.0	0.0	0.0	0.0	0.0	0.0824508402077005	0.0	0.0	0.0	0.0	0.0	0.0	0.0
GGB1096	0.0	0.0	0.0	0.0	0.0	0.0	0.0	0.0	0.0	0.0	0.0	0.0	0.0	0.0	0.0799042307999737	0.0	0.0	0.0	0.0	0.0	0.0	0.0
GGB34797	0.0	0.0	0.0	0.0	0.0	0.0	0.0	0.0	0.0	0.0	0.0	0.0	0.0	0.0	0.0518915273149797	0.0	0.0	0.0	0.0	0.0	0.0	0.0
Sanguibacteroides	0.0	0.0	0.0	0.0	0.0	0.0	0.0	0.0	0.0	0.0	0.0	0.0	0.0	0.0	0.026486482093377	0.0	0.0	0.0	0.0	0.0	0.013031180540949	0.008638442833538
GGB9819	0.0	0.0	0.0	0.0	0.0	0.0	0.0	0.0	0.0	0.0	0.0	0.0	0.0	0.0	0.0172332198276302	0.0	0.0	0.0035863839109949	0.0286750685891338	0.0	0.0	0.0
GGB6546	0.0	0.0	0.0	0.0	0.0	0.0	0.0	0.0	0.0	0.0	0.0	0.0	0.0	0.0	0.0136400586085089	0.0	0.0	0.0	0.0	0.0	0.0	0.0
Jutongia	0.0	0.0	0.0	0.0	0.0	0.0	0.0	0.0	0.0	0.0	0.0	0.0	0.0	0.0	0.0029390663369996	0.0	0.0	0.0	0.0	0.0	0.0	0.0
Amedibacterium	0.0	0.0	0.0	0.0	0.0	0.0	0.0	0.0	0.0	0.0	0.0	0.0	0.0	0.0	0.0017791380793707	0.0	0.0	0.0	0.0	0.0	0.0	0.0
Christensenellaceae_unclassified	0.0	0.0	0.0	0.0	0.0	0.0	0.0	0.0	0.0	0.0	0.0	0.0	0.0	0.0	0.000758750063261	0.0	0.0	0.0	0.0	0.0	0.0176225638193103	0.0159518147899551
GGB3220	0.0	0.0	0.0	0.0	0.0	0.0	0.0	0.0	0.0	0.0	0.0	0.0	0.0	0.0	0.0	3.0497757742161604	6.099463812423445	0.0	0.0	0.0	2.8468997237023124	0.5497854973879849
GGB9059	0.0	0.0	0.0	0.0	0.0	0.0	0.0	0.0	0.0	0.0	0.0	0.0	0.0	0.0	0.0	2.105895044906824	0.4130844968052545	0.0	0.0	0.0	0.0	0.0
GGB4745	0.0	0.0	0.0	0.0	0.0	0.0	0.0	0.0	0.0	0.0	0.0	0.0	0.0	0.0	0.0	0.9600134984552616	0.7859490406277576	0.0	0.0	0.0	0.0	0.0
GGB4456	0.0	0.0	0.0	0.0	0.0	0.0	0.0	0.0	0.0	0.0	0.0	0.0	0.0	0.0	0.0	0.1146528956927049	0.0557854557609204	0.0	0.0	0.0	0.0	0.0
GGB9509	0.0	0.0	0.0	0.0	0.0	0.0	0.0	0.0	0.0	0.0	0.0	0.0	0.0	0.0	0.0	0.1144954174689377	0.3462507995619274	0.0	0.0	0.0	0.0	0.0
Murimonas	0.0	0.0	0.0	0.0	0.0	0.0	0.0	0.0	0.0	0.0	0.0	0.0	0.0	0.0	0.0	0.0934370794351841	0.0629241799371552	0.0190282312244493	0.010286942331129	0.0	0.0	0.0
GGB6613	0.0	0.0	0.0	0.0	0.0	0.0	0.0	0.0	0.0	0.0	0.0	0.0	0.0	0.0	0.0	0.0632887483739815	0.2324575406154646	0.0	0.0	0.0	0.0	0.0
GGB45643	0.0	0.0	0.0	0.0	0.0	0.0	0.0	0.0	0.0	0.0	0.0	0.0	0.0	0.0	0.0	0.0539800355913002	0.0596224066205739	0.0	0.0	0.0	0.0	0.0
Lawsonella	0.0	0.0	0.0	0.0	0.0	0.0	0.0	0.0	0.0	0.0	0.0	0.0	0.0	0.0	0.0	0.0341377793966375	0.0003174782035174	0.0	0.0	0.0	0.0	0.0
GGB3353	0.0	0.0	0.0	0.0	0.0	0.0	0.0	0.0	0.0	0.0	0.0	0.0	0.0	0.0	0.0	0.0332016588442438	0.0441476119005527	0.0	0.0	0.0	0.0	0.0
Brevibacterium	0.0	0.0	0.0	0.0	0.0	0.0	0.0	0.0	0.0	0.0	0.0	0.0	0.0	0.0	0.0	0.0258614238586521	0.0	0.0	0.0	0.0	0.0	0.0
Corynebacterium	0.0	0.0	0.0	0.0	0.0	0.0	0.0	0.0	0.0	0.0	0.0	0.0	0.0	0.0	0.0	0.0209970965022885	0.0	0.0	0.0	0.0	0.0	0.0
GGB9613	0.0	0.0	0.0	0.0	0.0	0.0	0.0	0.0	0.0	0.0	0.0	0.0	0.0	0.0	0.0	0.0172788606633416	0.0597221854845365	0.0	0.0	0.0	0.0	0.0
GGB9062	0.0	0.0	0.0	0.0	0.0	0.0	0.0	0.0	0.0	0.0	0.0	0.0	0.0	0.0	0.0	0.0137356006285804	0.0058506697505355	0.0	0.0	0.0	0.0	0.0
GGB43675	0.0	0.0	0.0	0.0	0.0	0.0	0.0	0.0	0.0	0.0	0.0	0.0	0.0	0.0	0.0	0.013175678055186	0.0124270039662538	0.0	0.0	0.0	0.0	0.0
Proteus	0.0	0.0	0.0	0.0	0.0	0.0	0.0	0.0	0.0	0.0	0.0	0.0	0.0	0.0	0.0	0.0118108667825373	0.0	0.0	0.0	0.0	0.0	0.0
GGB9198	0.0	0.0	0.0	0.0	0.0	0.0	0.0	0.0	0.0	0.0	0.0	0.0	0.0	0.0	0.0	0.0107522631672136	0.0223051114985533	0.0	0.0	0.0	0.0	0.0
Providencia	0.0	0.0	0.0	0.0	0.0	0.0	0.0	0.0	0.0	0.0	0.0	0.0	0.0	0.0	0.0	0.0097024083420991	0.0	0.0	0.0	0.0	0.0	0.0
Candidatus_Stoquefichus	0.0	0.0	0.0	0.0	0.0	0.0	0.0	0.0	0.0	0.0	0.0	0.0	0.0	0.0	0.0	0.0087662877897054	0.1049492232770486	0.0	0.0	0.0	0.0	0.0
Paratissierella	0.0	0.0	0.0	0.0	0.0	0.0	0.0	0.0	0.0	0.0	0.0	0.0	0.0	0.0	0.0	0.0082238627967296	0.0072929278750861	0.0	0.0	0.0	0.0	0.0
GGB44201	0.0	0.0	0.0	0.0	0.0	0.0	0.0	0.0	0.0	0.0	0.0	0.0	0.0	0.0	0.0	0.0063866168527794	0.0207267912867809	0.0	0.0	0.0	0.0	0.0
Falseniella	0.0	0.0	0.0	0.0	0.0	0.0	0.0	0.0	0.0	0.0	0.0	0.0	0.0	0.0	0.0	0.0062203898388029	0.0	0.0	0.0	0.0	0.0	0.0
Nosocomiicoccus	0.0	0.0	0.0	0.0	0.0	0.0	0.0	0.0	0.0	0.0	0.0	0.0	0.0	0.0	0.0	0.0038844628529233	0.0	0.0	0.0	0.0	0.0	0.0
Peptoniphilus	0.0	0.0	0.0	0.0	0.0	0.0	0.0	0.0	0.0	0.0	0.0	0.0	0.0	0.0	0.0	0.0021609511816938	0.0	0.0	0.0	0.0	0.0	0.0
Pseudoglutamicibacter	0.0	0.0	0.0	0.0	0.0	0.0	0.0	0.0	0.0	0.0	0.0	0.0	0.0	0.0	0.0	0.0018372459439502	0.0	0.0	0.0	0.0	0.0	0.0
Cryptobacterium	0.0	0.0	0.0	0.0	0.0	0.0	0.0	0.0	0.0	0.0	0.0	0.0	0.0	0.0	0.0	0.0018022507831131	0.0	0.0	0.0	0.0	0.0	0.0
GGB74699	0.0	0.0	0.0	0.0	0.0	0.0	0.0	0.0	0.0	0.0	0.0	0.0	0.0	0.0	0.0	0.0017672556222759	0.0	0.0	0.0	0.0	0.0	0.0
Fastidiosipila	0.0	0.0	0.0	0.0	0.0	0.0	0.0	0.0	0.0	0.0	0.0	0.0	0.0	0.0	0.0	0.0003499516083714	0.0	0.0	0.0	0.0	0.0	0.0
Acetivibrio	0.0	0.0	0.0	0.0	0.0	0.0	0.0	0.0	0.0	0.0	0.0	0.0	0.0	0.0	0.0	0.0	0.0010522134745149	0.0	0.0	0.0	0.0	0.0
GGB3516	0.0	0.0	0.0	0.0	0.0	0.0	0.0	0.0	0.0	0.0	0.0	0.0	0.0	0.0	0.0	0.0	0.0001995577279252	0.0	0.0	0.0	0.0	0.0
GGB3609	0.0	0.0	0.0	0.0	0.0	0.0	0.0	0.0	0.0	0.0	0.0	0.0	0.0	0.0	0.0	0.0	0.0	1.1624133141660282	0.7496630907921469	0.0	0.0	0.0
GGB6553	0.0	0.0	0.0	0.0	0.0	0.0	0.0	0.0	0.0	0.0	0.0	0.0	0.0	0.0	0.0	0.0	0.0	0.0525124791138332	0.2077077639153018	0.0	0.0	0.0
GGB3534	0.0	0.0	0.0	0.0	0.0	0.0	0.0	0.0	0.0	0.0	0.0	0.0	0.0	0.0	0.0	0.0	0.0	0.035498401886791	0.003894466363134	0.0	0.0	0.0
GGB9563	0.0	0.0	0.0	0.0	0.0	0.0	0.0	0.0	0.0	0.0	0.0	0.0	0.0	0.0	0.0	0.0	0.0	0.0075721992054418	0.0555460191303124	0.0	0.0029969210853303	0.0611401293174105
GGB3446	0.0	0.0	0.0	0.0	0.0	0.0	0.0	0.0	0.0	0.0	0.0	0.0	0.0	0.0	0.0	0.0	0.0	0.0005439065647006	0.0	0.0	0.0	0.0
Oribacterium	0.0	0.0	0.0	0.0	0.0	0.0	0.0	0.0	0.0	0.0	0.0	0.0	0.0	0.0	0.0	0.0	0.0	8.49854007344769e-05	0.0	0.0	0.0	0.0
GGB52106	0.0	0.0	0.0	0.0	0.0	0.0	0.0	0.0	0.0	0.0	0.0	0.0	0.0	0.0	0.0	0.0	0.0	0.0	0.0659977607062067	0.0	0.0	0.0
Clostridioides	0.0	0.0	0.0	0.0	0.0	0.0	0.0	0.0	0.0	0.0	0.0	0.0	0.0	0.0	0.0	0.0	0.0	0.0	0.0	0.7786782999961519	0.0	0.0
Allobaculum	0.0	0.0	0.0	0.0	0.0	0.0	0.0	0.0	0.0	0.0	0.0	0.0	0.0	0.0	0.0	0.0	0.0	0.0	0.0	0.705732612379235	0.0	0.0
Copranaerobaculum	0.0	0.0	0.0	0.0	0.0	0.0	0.0	0.0	0.0	0.0	0.0	0.0	0.0	0.0	0.0	0.0	0.0	0.0	0.0	0.3324480228411697	0.0006678375677616	0.0019791122715972
GGB1354	0.0	0.0	0.0	0.0	0.0	0.0	0.0	0.0	0.0	0.0	0.0	0.0	0.0	0.0	0.0	0.0	0.0	0.0	0.0	0.0083934218462578	0.0	0.0
GGB9532	0.0	0.0	0.0	0.0	0.0	0.0	0.0	0.0	0.0	0.0	0.0	0.0	0.0	0.0	0.0	0.0	0.0	0.0	0.0	0.0	0.0286168397785863	0.0632806284266058
GGB4716	0.0	0.0	0.0	0.0	0.0	0.0	0.0	0.0	0.0	0.0	0.0	0.0	0.0	0.0	0.0	0.0	0.0	0.0	0.0	0.0	0.0	0.012647631641237
Weissella	0.0	0.0	0.0	0.0	0.0	0.0	0.0	0.0	0.0	0.0	0.0	0.0	0.0	0.0	0.0	0.0	0.0	0.0	0.0	0.0	0.0	0.0029644213853537
Feifania	0.0	0.0	0.0	0.0	0.0	0.0	0.0	0.0	0.0	0.0	0.0	0.0	0.0	0.0	0.0	0.0	0.0	0.0	0.0	0.0	0.0	4.247022042054081e-05
