	X01_A	X01_B	X01_C	X02_A	X02_B	X02_C	X03_A	X03_B	X03_C	X04_A	X04_B	X04_C	X05_A	X05_B	X06_A	X07_A	X07_B	X08_A	X08_B	X09_A	X10_A	X10_B
12DICHLORETHDEG-PWY: 1,2-dichloroethane degradation	0	0	0	0	0	0	0	0.209102	0	0	0	0.865714	0	0	0.335869	0	0	0	0	1.19839	0	0
1CMET2-PWY: folate transformations III (E. coli)	391.209	299.829	305.075	273.493	451.06	352.995	302.52	361.424	388.716	398.729	304.826	389.362	338.66	338.243	399.89	411.595	369.187	283.841	321.038	315.673	387.101	408.915
3-HYDROXYPHENYLACETATE-DEGRADATION-PWY: 4-hydroxyphenylacetate degradation	0	0	58.3943	0	5.90265	0	51.9932	0.644424	0	0.330655	0	0	39.232	0.857731	0.356657	3.84926	0	0.218994	0	0.490609	0	0
AEROBACTINSYN-PWY: aerobactin biosynthesis	0	0	0	0	9.28162	0	0	0	0	0	0	0	0	0	0	0	0.389976	0	0	0	0	0
ALLANTOINDEG-PWY: superpathway of allantoin degradation in yeast	0	0	2.28229	0	0	6.60983	1.89522	1.26367	0	0	0	0	3.24141	0	0	0	2.28343	0	7.42858	3.71335	0	0.407876
ANAEROFRUCAT-PWY: homolactic fermentation	257.755	309.977	343.475	218.447	118.97	228.371	300.615	253.839	268.869	180.408	149.553	157.078	275.65	267.467	200.625	221.38	182.41	226.164	225.566	182.104	185.142	163.495
ANAGLYCOLYSIS-PWY: glycolysis III (from glucose)	445.476	407.249	431.97	352.883	549.768	390.825	399.635	431.89	463.995	482.004	331.512	516.277	442.958	408.805	536.606	537.036	504.148	387.608	409.422	409.733	465.55	488.461
ARG+POLYAMINE-SYN: superpathway of arginine and polyamine biosynthesis	50.2795	16.5134	235.851	41.0535	110.218	79.2076	218.193	16.8479	43.6319	69.0292	0	32.0961	222	33.3135	35.3727	111.601	42.4837	22.0673	42.0808	33.2439	61.0281	71.3953
ARGDEG-PWY: superpathway of L-arginine, putrescine, and 4-aminobutanoate degradation	0	0.914571	51.2282	0	5.41391	0	51.956	1.01227	0	5.00917	0	0	46.9421	1.9011	0	5.03367	0	0.802482	0	1.92615	0	0.346276
ARGININE-SYN4-PWY: L-ornithine biosynthesis II	140.752	75.9622	198.195	89.1311	17.5315	102.432	150.241	138.106	104.11	134.085	29.4511	70.7021	143.338	119.716	138.019	48.0298	61.4342	64.9299	116.197	25.0858	212.027	189.525
ARGSYN-PWY: L-arginine biosynthesis I (via L-ornithine)	339.575	406.002	350.654	288.527	482.094	353.62	345.291	398.413	417.308	429.798	358.563	463.458	393.301	339.827	483.974	544.62	451.387	317.538	340.919	571.897	450.672	478.009
ARGSYNBSUB-PWY: L-arginine biosynthesis II (acetyl cycle)	337.722	404.887	355.652	271.023	501.838	337.015	348.224	403.854	417.247	430.569	354.804	465.458	409.916	322.413	495.638	556.728	456.123	301.552	340.021	586.399	444.845	479.973
ARO-PWY: chorismate biosynthesis I	394.741	412.776	448.217	299.776	545.179	388.9	419.063	419.642	488.955	480.905	355.931	526.038	436.866	367.076	527.28	550.922	504.961	332.023	366.205	536.902	530.785	577.127
ASPASN-PWY: superpathway of L-aspartate and L-asparagine biosynthesis	248.444	139.719	341.52	91.2052	213.255	141.359	294.416	181.888	223.98	233.494	172.162	158.967	283.369	115.451	220.362	185.495	150.96	102.63	160.295	100.802	258.29	262.541
AST-PWY: L-arginine degradation II (AST pathway)	0	0.612694	98.8722	0	7.40975	0	74.9544	1.64834	0	3.55346	0	0.538247	64.5144	0.980602	0.515717	7.34788	0.902392	0.384764	0	2.23998	0	0
BIOTIN-BIOSYNTHESIS-PWY: biotin biosynthesis I	130.463	91.3786	249.015	9.86089	36.5326	132.352	202.193	88.2732	82.1669	92.9401	35.606	48.5842	182.19	14.7254	82.0935	86.6176	42.6958	8.72755	106.68	34.3558	98.0528	103.252
BRANCHED-CHAIN-AA-SYN-PWY: superpathway of branched chain amino acid biosynthesis	440.155	483.014	429.501	401.895	519.949	411.113	400.998	405.224	441.251	434.043	389.186	445.781	432.219	435.23	485.771	466.312	440.164	424.611	408.415	445.513	455.532	489.042
CALVIN-PWY: Calvin-Benson-Bassham cycle	423.991	373.582	572.406	342.264	567.975	341.961	504.872	407.133	443.306	508.393	392.333	445.816	450.38	387.587	528.269	540.16	435.768	335.103	346.591	412.928	408.087	461.292
CARNMET-PWY: L-carnitine degradation I	0	0	0.462304	0	2.49351	0	0	0	0	1.67747	0	0	6.00832	0	0	0.125778	0	0	0	0	0	0
CATECHOL-ORTHO-CLEAVAGE-PWY: catechol degradation to &beta;-ketoadipate	0	0	0.253049	0	0	0	0	1.13996	0	0	0	1.23002	0.606904	0	0	0.59555	0	0	0	0.980298	0	0.224825
CENTFERM-PWY: pyruvate fermentation to butanoate	17.859	30.512	10.3391	28.4523	12.9063	42.5947	10.9053	28.2981	10.747	18.1158	14.1038	36.6394	11.3221	18.6829	35.2042	50.3855	38.9525	21.8163	35.1392	45.1037	29.6018	24.7685
CHLOROPHYLL-SYN: 3,8-divinyl-chlorophyllide a biosynthesis I (aerobic, light-dependent)	0	0	0	0	0	0	0	0.871645	0	2.42479	0	0	0	0	1.04754	0.571388	0.963355	0.41631	0	1.18586	0	0.239394
CITRULBIO-PWY: L-citrulline biosynthesis	177.365	191.918	243.346	72.0619	25.9843	166.292	192.158	242.374	188.859	137.407	71.3769	155.665	187.683	93.4302	100.421	113.639	118.933	77.3606	133.346	21.4285	272.739	253.932
COA-PWY-1: superpathway of coenzyme A biosynthesis III (mammals)	327.622	339.412	300.983	282.439	483.923	377.371	303.026	369.024	377.477	415.683	315.613	410.623	360.037	355.425	430.208	428.079	365.434	338.137	366	336.251	512.932	520.522
COA-PWY: coenzyme A biosynthesis I (prokaryotic)	304.48	318.782	281.457	263.588	460.374	372.838	283.804	341.561	353.615	393.486	299.934	382.366	334.245	334.57	423.152	395.294	339.721	317.329	347.515	308.637	480.292	483.558
COBALSYN-PWY: superpathway of adenosylcobalamin salvage from cobinamide I	239.659	124.261	247.398	83.684	322.449	153.937	243.956	152.309	191.562	254.273	83.1042	184.647	254.671	105.62	276.054	261.176	142.868	80.9069	154.572	104.183	234.725	249.618
COLANSYN-PWY: colanic acid building blocks biosynthesis	164.45	98.8745	264.136	115.848	84.5808	144.511	232.254	146.457	152.356	154.517	73.2997	137.129	197.6	173.113	136.362	121.477	128.721	91.094	122.357	60.1453	172.945	184.774
COMPLETE-ARO-PWY: superpathway of aromatic amino acid biosynthesis	420.851	436.531	462.114	312.924	561.493	408.204	436.896	446.615	511.746	507.274	377.57	550.974	456.411	361.18	551.9	566.68	532.045	342.844	385.709	559.68	557.485	600.424
CRNFORCAT-PWY: creatinine degradation I	0	1.09705	0	0.718318	0	0.490739	0	2.41767	0	0	0	1.21058	0.580935	1.60103	0.95828	1.56456	0	2.68047	0	4.19183	7.04915	5.35456
DAPLYSINESYN-PWY: L-lysine biosynthesis I	139.566	222.249	245.559	40.2617	60.1448	40.2106	202.353	70.309	163.058	45.4501	10.2329	97.9088	168.954	16.8177	59.7889	68.1404	94.2289	24.7353	26.0645	36.4354	66.7871	85.5066
DARABCATK12-PWY: D-arabinose degradation I	6.44337	6.44396	24.3174	5.26395	5.20178	0	17.8809	6.8416	2.35513	5.93326	0	0	11.472	11.362	1.58814	4.35278	0.308912	2.02962	1.30745	0.486767	0	0
DENITRIFICATION-PWY: nitrate reduction I (denitrification)	0	0	0	0	0	0	0	1.13788	0	0	0	0	0	0	0	0	0	0	0	0	0	0
DENOVOPURINE2-PWY: superpathway of purine nucleotides de novo biosynthesis II	0	0	135.39	0	44.3046	0	111.976	1.7267	0	13.4968	0	3.93897	18.8124	0	0	21.5518	0	0	0	3.4765	0	0
DHGLUCONATE-PYR-CAT-PWY: glucose degradation (oxidative)	0	0	0	0	0	0	0	0	0	0	0	0	0.285131	0	0	0	0	0	0	0	0	0
DTDPRHAMSYN-PWY: dTDP-&beta;-L-rhamnose biosynthesis	545.852	418.307	450.889	462.895	482.92	483.284	413.312	560.526	501.287	480.931	325.289	471.649	422.133	507.323	668.957	586.255	452.108	440.677	464.248	375.058	626.614	652.342
ECASYN-PWY: enterobacterial common antigen biosynthesis	0	0	43.6504	0	9.97618	0	41.9482	0.25543	0	4.76915	0	1.97075	17.8984	0.359556	1.15955	11.1799	0.596502	0	0	2.2923	0	0.373958
FAO-PWY: fatty acid &beta;-oxidation I (generic)	0	2.99339	160.23	0	25.7872	0.975393	141.102	6.63013	0	10.7473	0	3.27002	146.065	4.83383	5.22244	18.9416	5.78781	0.867013	1.97369	9.70578	0	0.869594
FASYN-ELONG-PWY: fatty acid elongation -- saturated	130.896	100.247	257.997	7.90827	26.4417	143.505	202.425	89.8558	86.3849	87.973	38.1839	45.1722	193.266	10.2356	78.5786	89.2222	39.7164	7.67882	95.2464	32.8348	92.5111	99.0124
FASYN-INITIAL-PWY: superpathway of fatty acid biosynthesis initiation (E. coli)	36.4843	1.83398	1.21951	0	0	0	0.900261	1.46006	44.3145	0	0	0	4.49073	0	0	0	0	0	0	0	3.48746	4.09161
FERMENTATION-PWY: mixed acid fermentation	107.388	59.7918	197.295	110.477	163.817	68.0891	199.773	100.466	170.371	120.764	65.967	142.674	181.371	125.506	101.644	120.325	119.552	104.178	51.1239	131.043	73.2924	71.574
FOLSYN-PWY: superpathway of tetrahydrofolate biosynthesis and salvage	0	24.0967	106.305	5.73211	62.3132	32.0776	97.2269	27.0272	15.2186	22.0645	0	103.032	78.3447	4.76762	31.1256	30.6561	103.279	6.01296	63.9365	23.6594	51.7342	60.9089
FUC-RHAMCAT-PWY: superpathway of fucose and rhamnose degradation	70.8841	17.8933	236.276	54.0512	39.981	31.9096	190.361	28.0868	93.6478	70.2824	20.8552	51.7969	157.068	33.7259	34.1171	64.6963	50.4998	39.2119	36.7908	32.5201	74.8668	68.9122
FUCCAT-PWY: fucose degradation	116.327	9.33077	235.815	64.5009	40.5539	39.6935	201.365	14.9701	93.1077	43.255	19.9853	45.9393	143.965	24.6097	74.1906	63.4002	49.1894	57.6827	42.0408	31.6324	41.7706	37.6725
GALACT-GLUCUROCAT-PWY: superpathway of hexuronide and hexuronate degradation	34.7569	7.55977	135.424	0	34.5209	25.4499	98.8771	11.9543	55.5157	30.111	7.46085	27.5928	137.474	11.4027	5.75416	34.5984	34.4942	6.66775	21.4313	20.1055	15.5115	8.29248
GALACTARDEG-PWY: D-galactarate degradation I	20.7169	2.56363	192.289	9.02538	24.5293	3.25883	154.515	5.24455	18.0813	31.4594	19.0728	6.66034	115.533	12.8997	11.6943	40.1322	9.79229	9.60274	6.7938	9.78212	4.93991	4.54235
GALACTITOLCAT-PWY: galactitol degradation	8.78321	23.2496	192.178	28.4337	36.0217	0.958755	143.621	20.5466	10.1076	17.1783	135.765	3.07854	72.7354	35.3751	6.37547	25.5357	2.73514	10.8302	0.696434	1.72266	0.250881	0
GALACTUROCAT-PWY: D-galacturonate degradation I	63.0232	39.0554	113.303	30.2966	42.2171	29.2678	86.1597	58.4578	65.5854	43.0568	46.8226	52.9691	126.457	22.4141	29.431	70.626	48.4731	19.2382	21.9195	29.6746	109.154	93.4427
GLCMANNANAUT-PWY: superpathway of N-acetylglucosamine, N-acetylmannosamine and N-acetylneuraminate degradation	152.012	69.3268	312.833	122.837	85.7125	97.5332	259.147	93.2356	161.836	196.444	189.783	143.07	161.584	160.415	173.062	122.534	127.317	119.518	119.246	83.6095	136.416	156.285
GLUCARDEG-PWY: D-glucarate degradation I	18.1629	1.97018	158.045	2.75461	22.044	2.94776	127.052	4.02657	16.8077	26.4337	6.32044	5.49277	98.5869	5.61821	9.99246	34.1306	8.13511	6.87154	5.33548	8.10845	3.38327	3.42894
GLUCARGALACTSUPER-PWY: superpathway of D-glucarate and D-galactarate degradation	20.7169	2.56363	192.289	9.02538	24.5293	3.25883	154.515	5.24455	18.0813	31.4594	19.0728	6.66034	115.533	12.8997	11.6943	40.1322	9.79229	9.60274	6.7938	9.78212	4.93991	4.54235
GLUCONEO-PWY: gluconeogenesis I	228.319	205.027	311.942	200.465	137.667	187.891	281.324	237.251	208.522	193.33	130.27	168.756	273.756	218.284	225.706	213.543	175.442	192	203.808	172.283	177.285	180.119
GLUCOSE1PMETAB-PWY: glucose and glucose-1-phosphate degradation	148.085	186.733	280.483	84.2221	256.861	96.4101	287.722	120.382	173.02	216.799	173.366	173.821	269.253	121.557	204.445	205.023	160.136	73.8398	0	118.26	230.523	268.206
GLUCUROCAT-PWY: superpathway of &beta;-D-glucuronosides degradation	59.1705	42.7711	134.243	36.8392	40.7121	41.2874	102.356	62.6624	72.751	33.6394	46.2281	75.3685	155.587	26.3444	20.3044	39.2576	58.7611	23.673	27.7795	28.7107	136.364	123.116
GLUDEG-I-PWY: GABA shunt	14.4831	5.42863	57.4136	23.453	8.01744	34.918	56.3997	5.05993	0.951988	25.78	15.7624	16.0794	75.5038	12.3431	14.4691	31.3193	15.4082	9.14737	28.1565	14.3874	3.91341	6.49262
GLUTORN-PWY: L-ornithine biosynthesis I	300.562	337.428	351.169	192.608	442.813	257.012	318.684	320.972	366.598	358.84	284.889	413.664	347.693	240.557	394.435	464.457	402.983	193.269	246.287	497.58	390.539	431.569
GLYCOCAT-PWY: glycogen degradation I	193.349	85.1312	89.5251	53.1813	42.5103	207.663	101.974	93.8912	102.188	109.623	68.6681	48.3444	109.793	64.8157	127.498	80.0588	43.0451	42.8517	208.318	44.688	103.868	75.7527
GLYCOGENSYNTH-PWY: glycogen biosynthesis I (from ADP-D-Glucose)	364.987	368.745	452.66	345.101	680.902	331.189	426.726	420.646	474.504	542.379	423.62	582.323	498.586	346.855	533.56	629.444	559.25	334.719	380.277	577.156	576.153	643.491
GLYCOL-GLYOXDEG-PWY: superpathway of glycol metabolism and degradation	0	0.194947	24.936	0	5.0648	0	18.1492	0	0	1.05931	0	0	40.3579	0.946503	0.314631	1.36107	0.823712	0.204055	0	0.475345	0	0
GLYCOLYSIS-E-D: superpathway of glycolysis and the Entner-Doudoroff pathway	148.251	146.393	226.401	128.332	60.6342	123.078	176.715	131.788	134.207	96.3108	40.903	96.4469	194.127	163.905	71.9393	112.489	106.447	113.586	134.241	101.018	120.356	101.591
GLYCOLYSIS-TCA-GLYOX-BYPASS: superpathway of glycolysis, pyruvate dehydrogenase, TCA, and glyoxylate bypass	0	0	13.7051	0	3.20545	0	0	0.432491	0	0.966062	0	0	37.8294	0.705042	0	3.07909	0.789214	0.510092	0	0.497829	0	0
GLYCOLYSIS: glycolysis I (from glucose 6-phosphate)	239.618	327.32	405.309	233.714	109.981	232.534	346.024	250.831	255.529	170.089	138.312	139.003	309.564	284.555	193.902	240.312	169.866	229.672	224.973	215.45	168.146	143.308
GLYOXYLATE-BYPASS: glyoxylate cycle	0	2.8238	233.519	5.50923	27.5901	3.24632	186.049	6.17982	0	31.0199	0	5.56802	155.527	6.47306	5.08854	43.8612	9.69349	1.65254	0	9.71384	0	0.37797
GOLPDLCAT-PWY: superpathway of glycerol degradation to 1,3-propanediol	11.3296	42.4596	125.117	69.2213	32.2252	23.8937	79.7133	56.0818	37.378	55.1782	38.3636	36.948	84.9516	79.9028	51.3811	95.3698	41.8558	84.5143	33.1381	31.2069	24.5828	32.6531
HCAMHPDEG-PWY: 3-phenylpropanoate and 3-(3-hydroxyphenyl)propanoate degradation to 2-hydroxypentadienoate	0	0.613402	113.357	0	7.22457	0	89.5851	0.875091	0	5.50788	0	0	61.6239	1.66722	0.56452	8.52109	1.07455	0.691925	0	2.61146	0	0
HEME-BIOSYNTHESIS-II-1: heme b biosynthesis V (aerobic)	4.0269	10.952	131.818	5.43886	18.6025	1.85846	91.7128	9.66964	2.99324	9.27587	17.4305	0	74.8968	12.3626	3.23206	16.8107	3.40063	1.86952	0	3.84939	0	0.436019
HEME-BIOSYNTHESIS-II: heme b biosynthesis I (aerobic)	5.49572	15.0604	127.452	21.0444	19.0421	8.0915	86.6308	13.8714	7.87955	14.0144	0	8.54619	74.8968	37.2137	4.63106	18.1894	12.3651	10.1409	4.44246	4.85239	8.96778	7.99905
HEMESYN2-PWY: heme b biosynthesis II (oxygen-independent)	6.71045	19.8497	165.286	21.5716	26.7594	14.3319	119.106	19.9989	9.93182	18.6424	26.9611	10.1506	102.525	38.7068	8.91063	23.1416	14.3854	10.4653	14.7446	17.9724	12.8452	12.1249
HEXITOLDEGSUPER-PWY: superpathway of hexitol degradation (bacteria)	0	31.6856	280.339	34.7844	59.1166	3.2836	224.591	39.4442	4.50833	44.6356	44.1582	10.1269	140.06	20.2797	20.1104	63.5463	9.12802	15.1034	2.40311	5.77444	0.87017	0
HISDEG-PWY: L-histidine degradation I	175.2	102.837	67.9458	174.471	33.6038	203.199	89.7904	137.486	140.276	115.07	72.6749	100.553	92.871	240.9	129.255	93.4975	102.542	248.524	166.59	101.098	178.156	163.878
HISTSYN-PWY: L-histidine biosynthesis	368.519	414.389	254.397	319.925	399.129	400.557	254.559	395.558	377.154	392.83	369.909	417.512	299.015	363.179	469.936	448.832	373.957	343.235	375.3	411.695	452.478	463.31
HOMOSER-METSYN-PWY: L-methionine biosynthesis I	0	5.7692	198.279	0	21.8321	7.97321	150.684	4.70891	1.61079	8.91958	1.83069	2.55991	120.346	2.37739	2.51253	19.1915	4.08003	0.676676	0	9.35801	0.355152	2.12747
HSERMETANA-PWY: L-methionine biosynthesis III	214.979	225.842	229.317	242.122	297.982	178.154	253.839	218.899	288.431	269.427	226.397	315.227	301.549	264.635	326.065	318.143	324.684	210.063	175.453	325.848	273.497	270.307
ILEUSYN-PWY: L-isoleucine biosynthesis I (from threonine)	448.881	494.649	455.723	402.438	538.652	404.403	420.719	405.569	447.184	436.157	389.325	442.776	446.179	448.125	484.862	473.396	438.292	428.965	406.308	447.415	446.931	481.338
KDO-NAGLIPASYN-PWY: superpathway of (Kdo)2-lipid A biosynthesis	0	0	36.6982	0	4.96562	0	32.782	0	0	3.3777	0	0.275927	22.3156	0	0.600617	4.61903	0.373132	0	0	0.278989	0	0
KETOGLUCONMET-PWY: ketogluconate metabolism	5.60271	0.228646	11.2445	0	4.95154	2.35169	18.548	3.01621	3.85393	1.48885	2.49321	0.978788	31.4413	1.66481	0.782066	3.70786	1.13682	0.144885	0	0.72726	1.00978	0.740716
LACTOSECAT-PWY: lactose and galactose degradation I	35.6119	107.051	33.9377	13.6998	237.065	77.9412	143.792	129.962	83.6014	165.21	12.3953	49.7141	77.273	15.272	184.279	212.873	54.6391	9.83928	60.7793	29.323	52.5028	95.2568
LIPA-CORESYN-PWY: lipid A-core biosynthesis (E. coli K-12)	0	0	0	0	0	0	0	0	0	0	0	0	0	0	0	0	0.743529	0	0	0	0	0
LIPASYN-PWY: phospholipases	0	0	496.868	0	0	4.51041	356.637	9.21143	0	0	0	0	64.4381	6.29769	0	0	0	2.76337	10.2234	0	0	0.143652
LPSSYN-PWY: superpathway of lipopolysaccharide biosynthesis	0	0	0	0	0	0	0	0	0	0	0	0	0	0	0	0	1.07518	0	0	0	0	0
MET-SAM-PWY: superpathway of S-adenosyl-L-methionine biosynthesis	0	11.3847	263.736	0	41.258	15.5151	216.241	9.28788	3.21015	17.3479	3.62953	5.08436	185.348	4.72368	4.98115	36.5622	8.07294	1.35065	0	18.1486	0.70972	4.23344
METH-ACETATE-PWY: methanogenesis from acetate	162.331	47.5172	66.9281	41.5011	198.061	31.724	94.7866	102.766	218.67	165.405	98.8204	101.72	66.145	42.3287	132.396	174.109	108.555	30.0916	48.577	128.092	63.4519	100.65
METHANOGENESIS-PWY: methanogenesis from H2 and CO2	0	37.3002	5.54033	39.967	0	27.2879	8.67626	16.3106	0	0	0	10.7345	4.60853	42.3112	0	0	19.9608	22.995	10.4106	31.2123	0	0
METHGLYUT-PWY: superpathway of methylglyoxal degradation	8.95652	4.98137	16.1148	22.9961	7.02277	5.68569	18.0296	7.724	6.77881	6.33863	6.95538	4.75405	19.6808	6.62446	6.65152	12.0098	10.2056	7.23421	9.01719	9.62627	2.11579	4.30193
METSYN-PWY: superpathway of L-homoserine and L-methionine biosynthesis	0	10.001	262.922	0	36.773	13.7495	208.541	8.17288	2.81153	15.3742	3.19189	4.45919	174.147	4.14238	4.37973	32.6067	7.0859	1.18263	0	16.1005	0.621174	3.71084
NAD-BIOSYNTHESIS-II: NAD salvage pathway III (to nicotinamide riboside)	0	15.8099	41.1063	0	4.05045	12.7367	29.5943	5.11894	2.49976	2.87019	0	5.95252	28.0607	0.950804	0.801036	3.0309	3.75227	0.429675	12.773	7.02004	0	2.35856
NAGLIPASYN-PWY: lipid IVA biosynthesis (E. coli)	128.729	58.6956	227.706	78.0443	19.251	113.07	169.504	79.6502	50.2446	66.9318	20.3681	50.506	112.279	52.2752	70.4192	49.3766	37.2967	34.2338	119.507	25.9166	86.8956	58.1536
NONMEVIPP-PWY: methylerythritol phosphate pathway I	423.617	357.357	386.34	319.915	533.698	403.727	374.07	392.99	443.628	451.352	349.964	457.797	391.713	364.228	482.753	468.324	420.105	361.492	387.286	435.797	521.82	543.165
NONOXIPENT-PWY: pentose phosphate pathway (non-oxidative branch) I	435.428	293.102	626.004	241.603	599.509	280.607	551.068	347.464	428.536	412.65	383.417	314.372	431.045	300.735	421.183	409.422	307.525	237.747	261.032	239.829	269.281	339.443
OANTIGEN-PWY: O-antigen building blocks biosynthesis (E. coli)	207.713	306.761	283.205	217.102	293.072	228.63	292.962	269.609	266.566	251.8	268.729	200.197	300.095	270.15	297.784	318.533	227.507	267.053	215.12	286.372	202.91	200.949
ORNARGDEG-PWY: superpathway of L-arginine and L-ornithine degradation	0	0.914571	51.2282	0	5.41391	0	51.956	1.01227	0	5.00917	0	0	46.9421	1.9011	0	5.03367	0	0.802482	0	1.92615	0	0.346276
ORNDEG-PWY: superpathway of ornithine degradation	0	5.42233	258.518	0.702093	55.65	16.1315	201.799	5.54383	0	14.6123	0	1.64351	138.288	8.25007	2.19723	40.0405	6.61722	2.27718	13.8382	6.21831	0	0.176103
P105-PWY: TCA cycle IV (2-oxoglutarate decarboxylase)	1.0883	23.4384	131.469	22.4915	25.5401	29.0368	134.162	20.6406	0.945405	24.3298	24.2879	7.25313	106.968	16.8446	5.1726	39.2848	15.8794	28.9076	27.2188	32.1872	1.5651	3.98992
P108-PWY: pyruvate fermentation to propanoate I	0	4.64001	56.5346	6.0769	31.5939	0	53.0969	1.60324	0	13.934	0	2.10369	54.7734	7.42612	6.02658	17.8833	3.25201	14.756	0	2.92662	0	0.874192
P122-PWY: heterolactic fermentation	0	0.669768	61.3411	1.2317	13.3632	1.73847	59.5764	19.2591	29.8958	2.5766	0	0	29.8779	0.562916	0	3.9754	0.474139	0.735144	0	1.0241	0	0.417229
P124-PWY: Bifidobacterium shunt	106.974	205.482	24.2169	30.7196	150.075	70.5376	54.3007	136.843	108.288	0	0	0	29.9032	7.41475	0	1.36303	0	5.96378	68.6361	1.55372	56.9455	76.023
P125-PWY: superpathway of (R,R)-butanediol biosynthesis	9.59606	25.3348	0.151849	16.5713	0.92871	6.14263	7.95112	20.42	21.5558	3.48895	29.7823	1.85221	0.502107	13.5156	2.29793	3.51396	1.55392	9.6662	7.69895	5.07341	0.308496	1.00768
P161-PWY: acetylene degradation (anaerobic)	19.8393	24.6995	244.663	94.3112	32.773	38.9679	220.821	19.2328	41.9983	44.6886	20.028	7.63269	125.924	80.0699	31.0275	87.1745	14.6952	95.2356	43.4973	19.3978	14.2018	11.1632
P162-PWY: L-glutamate degradation V (via hydroxyglutarate)	0	1.65226	0	0	5.80455	0	0	0.466555	0	0	0	0	0	0	0	0	0	0	0	0	0	0
P163-PWY: L-lysine fermentation to acetate and butanoate	0	0	0	0.875702	0	2.3314	0	0	0	0	0	1.84573	0	0	0	0	3.0028	0	0	3.58298	0	0
P164-PWY: purine nucleobases degradation I (anaerobic)	140.364	28.6415	112.681	22.2242	63.3062	53.4597	96.4718	53.927	112.249	88.2291	23.2927	74.367	104.806	37.9522	75.3436	66.5696	74.5605	31.3462	42.1827	100.582	58.7045	69.5954
P185-PWY: formaldehyde assimilation III (dihydroxyacetone cycle)	7.12818	4.19822	222.451	64.5091	30.9781	13.6522	120.638	9.90199	7.02513	46.8521	23.7394	45.3803	104.791	71.9901	63.2956	73.5596	52.7418	85.6439	30.2326	49.7619	23.7727	32.1816
P221-PWY: octane oxidation	2.44307	5.00293	34.9163	8.76632	0	3.29484	28.2903	7.28285	1.90063	6.93354	21.6381	1.3787	6.34435	7.36682	3.07397	9.85436	1.08654	3.20876	0.814988	5.69095	0	0.333055
P23-PWY: reductive TCA cycle I	0	3.40445	70.4818	4.18922	17.2239	0	35.7167	1.08281	0	0.814881	0	1.41373	65.677	5.19557	0.56371	0	2.1893	10.9272	0	1.94263	0	0.576384
P241-PWY: coenzyme B biosynthesis	0	0	0	0	0	0.658221	0	0	0	0	0	0	0.376456	0	0	0	0	0.894593	0	1.57255	0	0
P261-PWY: coenzyme M biosynthesis I	0	0	0	0	0	0	0	0	0	0	0	1.42658	0	0	0	0	1.07152	0	0	5.17203	0	0
P4-PWY: superpathway of L-lysine, L-threonine and L-methionine biosynthesis I	0	22.5506	175.761	0	46.132	11.1665	159.072	16.7811	6.63338	20.8314	0	8.86199	125.828	7.4998	6.88263	36.9845	10.663	2.69648	0	18.6508	1.48698	8.423
P41-PWY: pyruvate fermentation to acetate and (S)-lactate I	264.227	265.369	170.503	229.079	475.85	160.006	216.811	252.036	324.377	297.515	402.533	267.668	174.838	290.448	301.076	332.198	272.509	264.693	209.439	257.447	208.747	253.318
P42-PWY: incomplete reductive TCA cycle	37.9782	60.4539	62.031	93.2968	28.3148	73.6311	58.659	32.2211	0	8.38029	22.6559	55.2756	81.8791	89.678	3.59111	11.4168	47.7052	95.7523	62.7304	27.4009	8.76523	13.79
P441-PWY: superpathway of N-acetylneuraminate degradation	181.555	70.4013	310.508	146.521	85.449	96.2932	276.076	116.391	163.421	108.938	43.438	65.2911	208.517	163.9	88.5177	150.856	74.313	139.352	104.094	58.0109	64.291	73.8104
P461-PWY: hexitol fermentation to lactate, formate, ethanol and acetate	18.5056	26.3464	313.368	17.5083	88.9854	65.0885	259.403	21.5375	15.6963	87.1698	145.741	169.378	169.629	6.85465	114.927	135.651	177.24	27.2832	63.1239	41.1853	23.2103	50.1991
P562-PWY: myo-inositol degradation I	0	0	0	0	0	0	0	0	0	3.51489	0	0	0	0.453756	0	3.27155	0	0	0	0.771402	0	0
P621-PWY: nylon-6 oligomer degradation	0	7.81651	0	0	2.54653	4.72198	0.631321	12.7083	16.0863	1.44839	0	0	0	0	1.73217	0.656556	0	0	8.2004	2.6385	0	0.259474
PANTO-PWY: phosphopantothenate biosynthesis I	252.349	213.923	450.549	259.52	330.158	323.192	433.304	285.006	225.281	358.128	204.086	298.214	289.13	352.137	347.055	243.759	278.625	319.591	296.447	195.622	388.398	380.406
PANTOSYN-PWY: superpathway of coenzyme A biosynthesis I (bacteria)	263.544	250.172	334.678	263.276	386.977	350.568	321.367	308.45	257.332	367.723	229.166	333.959	297.725	338.989	370.84	285.12	301.116	314.877	323.21	230.589	426.252	419.485
PENTOSE-P-PWY: pentose phosphate pathway	314.485	205.646	291.469	162.348	89.8822	205.699	239.306	202.682	270.203	200.508	239.093	150.386	210.438	215.156	168.88	117.696	133.722	186.746	203.156	102.936	198.942	210.192
PEPTIDOGLYCANSYN-PWY: peptidoglycan biosynthesis I (meso-diaminopimelate containing)	428.245	416.15	410.089	323.27	498.324	421.779	405.634	450.999	473.791	466.413	364.096	479.948	411.607	385.321	524.87	537.88	464.185	373.743	407.89	504.596	510.747	538.174
PHOSLIPSYN-PWY: superpathway of phospholipid biosynthesis I (bacteria)	231.327	170.722	346.4	98.5809	160.211	222.018	297.661	148.278	162.627	162.048	41.7802	114.063	295.342	128.827	165.663	273.716	94.8964	89.1434	221.993	88.6255	215.618	169.111
POLYAMINSYN3-PWY: superpathway of polyamine biosynthesis II	13.6524	2.30189	37.8903	1.15813	7.89469	24.9571	26.4122	8.29472	11.4459	23.7312	0	2.75422	46.7446	6.98366	3.63201	27.8628	11.7101	3.58041	22.5795	11.4679	4.92712	0.293812
POLYAMSYN-PWY: superpathway of polyamine biosynthesis I	27.3092	8.50135	178.512	22.3811	67.6449	44.8643	160.713	8.65995	23.4424	38.2555	0	16.8773	157.741	17.6474	18.4973	64.9432	22.831	11.506	22.5093	17.5318	33.3873	39.6976
POLYISOPRENSYN-PWY: polyisoprenoid biosynthesis (E. coli)	46.7024	27.8409	208.692	23.8397	29.77	31.979	156.026	56.6562	73.792	68.4793	28.4035	54.0678	153.893	5.61801	28.9662	40.4979	41.3405	9.46302	31.1575	23.754	106.184	123.791
PPGPPMET-PWY: ppGpp metabolism	3.30529	1.6448	36.3482	0	41.9234	10.8719	37.3921	2.22179	2.63406	26.7141	7.62347	62.3738	70.1906	0.778149	45.5117	50.8931	74.1333	1.32428	5.04163	17.9506	18.732	24.429
PROPFERM-PWY: superpathway of L-alanine fermentation (Stickland reaction)	1.78737	0	0	0	0	1.44026	1.13891	0	3.0664	4.23256	0	1.19551	0.589883	0	4.48359	5.17321	0	1.74413	5.07026	1.36025	6.81871	3.72299
PROTOCATECHUATE-ORTHO-CLEAVAGE-PWY: protocatechuate degradation II (ortho-cleavage pathway)	0	0	0.589499	0	0	0.389787	0	1.29309	0	0	0	1.62983	0.939785	0.282419	0.828849	1.45666	0.679435	0	0	3.28589	0	0.216545
PRPP-PWY: superpathway of histidine, purine, and pyrimidine biosynthesis	0	0	144.827	0	57.6337	0	121.191	2.8816	0	21.8431	0	6.12755	30.6121	0	0	33.9201	0	0	0	5.5629	0	0
PWY-1042: glycolysis IV	494.703	502.035	505.313	388.553	669.783	387.304	462.362	490.689	553.616	608.645	474.503	656.554	506.608	461.66	665.877	697.316	649.842	398.736	422.178	566.101	568.797	625.948
PWY-1269: CMP-3-deoxy-D-manno-octulosonate biosynthesis	97.4802	47.6443	171.661	80.4749	38.3395	112.221	166.377	51.6967	50.4915	104.215	45.3504	58.9321	128.13	47.6075	92.6074	68.9854	34.717	49.3889	121.687	24.94	102.12	79.1784
PWY-1501: mandelate degradation I	0	0	0	0	0	0	0	0	0	0	0	0	0	0	0	0.644175	0	0	0	0.963939	0	0
PWY-1861: formaldehyde assimilation II (assimilatory RuMP Cycle)	29.4905	155.177	22.3573	108.12	56.9992	95.8043	39.4255	90.3487	27.211	241.404	273.592	192.283	55.0955	116.374	278.716	282.929	204.498	101.58	46.838	114.546	46.7013	75.6652
PWY-2221: Entner-Doudoroff pathway III (semi-phosphorylative)	0.635511	0	0	0	0	0	0	0	0	0	0	1.15529	0	0	0	0	0.691438	0	0	4.77015	0	0
PWY-241: C4 photosynthetic carbon assimilation cycle, NADP-ME type	104.871	110.769	211.714	66.5383	52.1265	72.534	183.519	63.8207	116.025	65.6554	24.9058	9.97079	194.984	76.713	19.244	53.8089	21.2559	89.0549	79.4324	61.7507	50.4913	60.968
PWY-2941: L-lysine biosynthesis II	172.082	208.379	86.6159	142.908	138.326	170.197	122.212	230.441	167.526	102.264	269.106	154.484	133.337	188.467	157.144	174.527	134.877	124.675	143.881	117.873	190.609	190.825
PWY-2942: L-lysine biosynthesis III	372.668	336.047	236.214	310.978	328.818	359.05	253.281	350.895	400.394	388.848	287.831	370.052	286.887	390.417	420.613	396.278	366.566	350.459	340.188	373.894	399.13	409.573
PWY-3001: superpathway of L-isoleucine biosynthesis I	336.137	351.538	410.536	253.636	404.767	260.911	366.842	328.394	353.534	340.064	249.462	282.654	327.967	250.261	376.622	348.859	278.366	243.644	261.157	276.027	361.353	369.183
PWY-3781: aerobic respiration I (cytochrome c)	0	2.58043	0	1.54669	0	0.128784	0	1.24202	0	0.458405	0	0	0	0.20556	0	0	0	0.640978	0	0	1.11127	0.113454
PWY-3801: sucrose degradation II (sucrose synthase)	0	0	0	0	0	0	0	0	0	0	0	0	1.98979	0	0	0	0	0	0	8.23542	0	0
PWY-3841: folate transformations II (plants)	388.861	359.301	298.252	329.463	457.812	427.958	313.151	391.901	407.667	406.462	402.2	426	358.466	395.795	447.702	429.571	410.031	377.235	390.169	418.917	450.748	462.284
PWY-4041: &gamma;-glutamyl cycle	69.2284	127.75	245.62	60.9863	56.098	49.321	203.443	73.5025	103.047	42.3145	65.6431	37.7186	182.988	89.1505	45.1583	57.9318	35.7764	80.2673	52.6946	62.3506	50.488	52.5376
PWY-4984: urea cycle	155.424	174.586	34.7268	61.7983	6.21359	148.933	35.4779	220.598	166.893	117.832	61.0729	134.966	44.93	80.4024	85.4513	97.2293	102.644	66.5777	117.545	17.9661	241.302	222.865
PWY-5004: superpathway of L-citrulline metabolism	0	2.49719	9.48321	0	0	0	8.62885	2.75717	3.82928	0	12.9044	4.56184	0	0	0	0	8.75343	0	0	7.01126	3.53497	3.06447
PWY-5005: biotin biosynthesis II	0	4.02485	4.43973	0	14.7346	0	6.48496	6.42391	0	5.43441	9.50095	4.00874	6.24859	1.36687	3.80319	8.71101	4.61555	1.25291	0	1.74223	37.3134	34.1217
PWY-5022: 4-aminobutanoate degradation V	20.3817	5.37915	56.5878	21.5044	9.44904	33.0339	57.9433	5.02858	11.6366	25.2768	21.6737	15.5278	74.2896	11.9942	25.0403	34.4397	14.4824	8.64137	27.2323	13.2669	3.90959	6.47879
PWY-5028: L-histidine degradation II	0	0	0	0	0	0	0	0	0	0	0	0.482534	0	0	0.443872	0	1.55661	0	0	2.0376	0	0
PWY-5030: L-histidine degradation III	150.944	83.0083	66.4304	45.6012	13.3312	151.434	66.7878	111.226	91.4551	109.026	32.9577	56.7917	82.9686	80.278	125.242	57.2809	47.7009	38.6852	144.345	29.0759	155.793	151.755
PWY-5055: nicotinate degradation III	0	0	0	0	0	0	0	0	0	0	0	0	0	0	0	0	0.501657	1.11695	0	0.726649	0	0
PWY-5088: L-glutamate degradation VIII (to propanoate)	0	0	0.722658	0	0	0	2.63337	0	0	0	0	0	0.932815	0.860869	0	0	0	0.237804	0	0	0	0
PWY-5097: L-lysine biosynthesis VI	401.518	410.369	360.361	341.139	402.913	401.267	344.577	380.637	424.281	405.75	352.68	446.498	365.966	421.343	436.494	425.904	424.86	375.056	371.673	451.389	442.199	461.283
PWY-5100: pyruvate fermentation to acetate and lactate II	264.227	265.369	170.503	229.079	475.85	160.006	216.811	252.036	324.377	297.515	486.833	267.668	174.838	290.448	301.076	332.198	272.509	264.693	209.439	257.447	208.747	253.318
PWY-5103: L-isoleucine biosynthesis III	415.396	483.525	397.608	385.123	497.109	375.682	376.68	382.286	408.535	404.263	366.013	394.594	399.529	426.472	460.268	445.212	395.78	408.52	381.058	385.352	392.807	429.079
PWY-5104: L-isoleucine biosynthesis IV	0	0	35.3521	0	15.5771	1.81214	48.8329	5.55848	0	9.06096	0	0	49.8231	3.59482	0.896125	27.5817	4.47752	1.90095	0	4.36718	0	0.168216
PWY-5121: superpathway of geranylgeranyl diphosphate biosynthesis II (via MEP)	67.3092	42.7018	103.156	61.9128	75.3012	38.2901	90.4101	83.8947	110.496	98.5173	51.2014	101.932	155.16	41.157	41.2259	34.5605	89.1467	33.3119	44.7924	33.8711	166.742	188.067
PWY-5130: 2-oxobutanoate degradation I	50.37	32.539	10.7611	64.1772	14.303	44.8058	12.7854	14.216	18.723	5.30333	20.0606	32.6841	10.0211	75.2543	5.60693	0	37.6723	69.9436	32.4779	14.488	31.0604	29.8539
PWY-5136: fatty acid &beta;-oxidation II (plant peroxisome)	15.3836	22.5244	358.769	23.2578	53.1701	13.5213	282.832	19.3423	8.44003	39.0487	11.6373	16.5126	207.626	13.4449	32.0652	67.3972	24.7071	19.7989	19.6808	24.0697	24.439	31.3263
PWY-5138: fatty acid &beta;-oxidation IV (unsaturated, even number)	0	1.80508	60.2113	0	9.70034	0.606687	57.5425	4.35316	0	7.23602	0	1.88007	69.2971	3.44387	3.71937	13.7858	3.23463	0.579816	1.38754	3.59821	0	0.560618
PWY-5154: L-arginine biosynthesis III (via N-acetyl-L-citrulline)	199.643	131.285	314.533	123.02	81.0634	237.444	288.884	183.59	126.319	159.859	86.0853	116.629	253.757	129.642	203.265	115.24	92.9153	100.127	196.92	66.4208	254.308	251.882
PWY-5156: superpathway of fatty acid biosynthesis II (plant)	0	0	0	0	0	0	0	0	0	0	0	0	0	0	0	0	0	0	0	1.32191	0	0
PWY-5180: toluene degradation I (aerobic) (via o-cresol)	0	0	0	4.56437	0	1.54826	0	1.47589	0	0	0	0	0	4.04149	0	20.3602	0	0	2.68056	0	0	0
PWY-5188: tetrapyrrole biosynthesis I (from glutamate)	130.414	104.283	264.973	129.515	177.582	129.225	265.763	154.413	163.081	162.582	215.157	191.658	193.71	150.176	179.778	223.437	197.194	132.185	126.902	249.388	149.474	155.165
PWY-5189: tetrapyrrole biosynthesis II (from glycine)	2.2207	3.12395	169.382	27.1355	21.2762	22.2451	136.12	12.5685	3.93971	10.0776	0	4.00547	92.6991	20.3369	1.1525	22.6071	10.7234	14.0838	21.5354	17.8222	0.837937	3.59696
PWY-5198: factor 420 biosynthesis II (mycobacteria)	0	32.7297	4.4645	33.844	0	24.6196	7.76307	16.4177	0	0	0	11.0728	4.63328	38.6088	0	0	19.5857	21.6488	11.5101	28.808	0	0
PWY-5209: methyl-coenzyme M oxidation to CO2	0	31.523	4.52353	32.396	0	22.2771	7.06881	14.4773	0	0	0	9.50387	3.91814	35.7739	0	0	16.6915	19.6479	8.62483	26.8263	0	0
PWY-5265: peptidoglycan biosynthesis II (staphylococci)	0	0	15.2804	8.77392	17.8172	0	29.471	5.52387	3.87561	34.5985	95.0718	0	27.6339	11.6106	14.4153	35.0543	5.40763	13.8341	10.9488	4.46509	1.59963	3.38764
PWY-5345: superpathway of L-methionine biosynthesis (by sulfhydrylation)	9.13022	16.6676	225.873	52.2161	134.882	140.498	210.036	20.518	8.96906	70.2304	28.1399	16.281	232.616	66.2904	27.9003	97.0297	34.0616	87.1191	105.699	38.5264	0.768367	6.17294
PWY-5347: superpathway of L-methionine biosynthesis (transsulfuration)	0	11.3423	267.746	0	41.3867	15.4645	214.041	9.29035	3.20721	17.4239	3.62528	5.07731	181.414	4.69991	4.99293	36.2399	8.04435	1.34886	0	18.0151	0.709708	4.23416
PWY-5367: petroselinate biosynthesis	0	0	93.4311	0	42.678	0	76.9657	0.50808	0	4.39662	7.51679	0	42.0977	1.64002	0	8.3259	1.09967	0	0	0.621472	19.349	30.0638
PWY-5384: sucrose degradation IV (sucrose phosphorylase)	97.3048	135.311	223.277	32.2543	56.6697	90.4628	199.365	38.1728	113.043	79.791	27.8022	92.3725	166.536	31.2654	64.4192	81.2665	95.5274	21.3607	88.0172	35.4567	138.859	142.514
PWY-5392: reductive TCA cycle II	0	0	15.4525	2.86844	6.54606	0	17.4249	0.591572	0	0.775299	0	0.948434	15.5299	3.56301	0.537564	0	0	4.61635	0	1.58641	0	0.371257
PWY-5415: catechol degradation I (meta-cleavage pathway)	0	0	0	0.918997	0	0.63768	0	0.790125	0	0	0	0	0	0.574577	1.19367	1.68565	0	0	1.45792	0	0	0
PWY-5417: catechol degradation III (ortho-cleavage pathway)	0	0	0.377121	0	0	0	0	1.41787	0	0	0	1.00812	0.872708	0	0	0.839558	0	0	0	1.28243	0	0.230191
PWY-5431: aromatic compounds degradation via &beta;-ketoadipate	0	0	0.377121	0	0	0	0	1.41787	0	0	0	1.00812	0.872708	0	0	0.839558	0	0	0	1.28243	0	0.230191
PWY-5464: superpathway of cytosolic glycolysis (plants), pyruvate dehydrogenase and TCA cycle	0	0	8.5017	0	3.65835	0	0	0.526944	0	1.15988	0	0	14.6208	0.865881	0	3.66681	0.950703	0.663331	1.23473	0.601676	0	0
PWY-5484: glycolysis II (from fructose 6-phosphate)	230.966	317.22	388.561	213.505	95.0068	225.728	327.139	240.054	240.693	155.021	133.677	130.901	277.648	260.758	172.176	190.263	155.482	212.827	214.339	164.207	164.891	140.285
PWY-5494: pyruvate fermentation to propanoate II (acrylate pathway)	0.80681	0	0	0	0	0.671877	0.509109	0	1.39617	1.93224	0	0.538159	0.262963	0	2.0602	2.46701	0	0.881516	2.3795	0.625434	3.27003	1.70851
PWY-5497: purine nucleobases degradation II (anaerobic)	61.8462	15.758	94.4544	17.5372	29.1477	63.0917	79.8702	32.4084	43.0096	76.4966	19.82	53.9179	97.3074	22.9855	89.5977	44.0309	40.137	18.5421	59.3841	23.6033	70.0186	72.4257
PWY-5505: L-glutamate and L-glutamine biosynthesis	46.5432	42.3564	56.9991	16.122	73.0054	32.6729	62.6927	72.8091	86.4332	110.857	26.8886	75.766	91.963	9.93798	130.704	73.1152	70.0836	20.2275	37.8483	38.8937	113.375	118.763
PWY-561: superpathway of glyoxylate cycle and fatty acid degradation	0	0	169.841	0	33.3659	4.19324	159.711	6.48403	0	22.7851	0	3.0464	140.501	8.56534	4.50816	38.2865	11.6887	2.42827	0	12.7936	0	0.449165
PWY-5654: 2-amino-3-carboxymuconate semialdehyde degradation to 2-hydroxypentadienoate	0	0	0	0	0	0	0	0	0	0	0	0	0.644703	0	0	0	0	0	0	0	0	0
PWY-5656: mannosylglycerate biosynthesis I	4.70126	6.97937	130.46	5.07284	4.77596	0	116.245	6.4577	2.1181	10.3281	27.7028	0	46.5974	11.6155	2.27863	13.5555	0.753787	1.30866	0	0	0	0
PWY-5659: GDP-mannose biosynthesis	126.364	60.4321	331.023	90.7009	79.1128	144.181	286.575	118.954	126.875	128.914	48.1527	111.136	182.287	148.602	95.3158	98.8419	104.133	63.0033	96.3456	41.0367	175.322	183.144
PWY-5667: CDP-diacylglycerol biosynthesis I	388.722	292.525	372.913	293.623	450.969	301.617	333.648	354.37	418.163	414.192	330.222	423.188	384.414	348.544	401.058	447.059	399.754	314.02	318.294	376.787	480.011	488.207
PWY-5675: nitrate reduction V (assimilatory)	0	1.75958	191.288	0	26.7898	3.99908	169.583	4.18375	0	7.41328	0	1.688	114.422	2.28645	0.88752	15.3938	5.46549	1.69412	0.605804	4.72447	0	0
PWY-5676: acetyl-CoA fermentation to butanoate II	43.033	26.5264	140.85	44.9745	83.9808	23.0957	77.0772	27.271	24.9926	79.1974	47.4234	155.651	112.649	39.1162	119.947	143.613	162.597	33.7707	41.9609	44.1598	59.0649	66.6551
PWY-5677: succinate fermentation to butanoate	9.08217	2.45871	0.476214	6.53659	0	4.92787	2.19568	3.30329	4.78506	12.975	23.3798	2.14472	1.86454	6.49032	16.8056	20.8391	2.22741	4.01067	4.74211	0	3.45311	2.21634
PWY-5686: UMP biosynthesis I	462.606	462.128	352.774	434.032	530.736	490.64	346.793	469.851	503.198	480.464	342.796	509.932	439.651	462.794	556.881	529.076	479.444	450.052	446.131	495.114	594.223	604.804
PWY-5690: TCA cycle II (plants and fungi)	13.8888	5.45281	5.80198	51.7787	15.4365	19.5952	1.33376	23.48	11.7758	31.89	32.7295	12.5986	9.87475	59.7964	40.3033	44.5057	16.2323	58.5259	18.3982	35.6606	13.0783	11.94
PWY-5692: allantoin degradation to glyoxylate II	0	0	10.1545	0	0	0	5.3107	0	0	0	0	0	9.59157	0.166482	0	0.592323	0.186961	0	0	0	0	0
PWY-5695: inosine 5'-phosphate degradation	399.214	309.88	468.359	290.906	284.769	361.544	392.556	343.203	374.278	341.804	247.143	329.655	374.244	336.411	344.682	285.186	328.853	282.342	342.356	240.211	427.368	415.835
PWY-5705: allantoin degradation to glyoxylate III	0	0.372502	41.6184	0	12.8828	0	41.7909	0.347585	0	3.18214	0	0	14.7044	0.318175	0	3.22664	0.571004	0	0	0.34939	0	0
PWY-5723: Rubisco shunt	1.40014	1.26664	274.016	19.6556	36.0731	4.42391	224.1	1.89644	0	16.1539	32.3819	0	181.436	5.4691	2.23551	32.4296	6.20809	4.74567	0	6.55031	0	1.1584
PWY-5724: superpathway of atrazine degradation	0	0	0.273826	0	0	0	0.605674	0	0	0	0	0	0	0	0	0	0.929245	0	0	1.32181	0	0
PWY-5742: L-arginine degradation IX (arginine:pyruvate transaminase pathway)	0	0	0	0	0	0	0	0.499969	0	0	0	0	0	0	0	0	0	0	0	0	0	0
PWY-5747: 2-methylcitrate cycle II	0	0	35.381	0	6.26294	0	46.1844	1.83168	0	2.87737	0	0	20.4838	0.432306	0.381338	4.76918	0.95245	0.106322	0	2.21866	0	0.101224
PWY-5837: 2-carboxy-1,4-naphthoquinol biosynthesis	5.94471	2.42805	104.823	6.06887	14.6327	10.8571	86.6325	1.73353	1.97134	11.4577	12.7696	5.07119	62.1703	5.23391	1.94963	15.0533	8.12932	1.32429	8.72649	9.69837	4.63521	4.93046
PWY-5838: superpathway of menaquinol-8 biosynthesis I	19.0978	8.00531	183.509	18.791	28.1437	33.7177	152.705	5.7863	6.518	33.5094	26.9765	15.9283	116.878	16.7016	6.52559	36.5098	23.7943	4.43706	27.4173	24.8949	15.1382	15.9622
PWY-5840: superpathway of menaquinol-7 biosynthesis	18.1919	7.55257	157.159	18.3016	24.3349	32.04	129.918	5.40542	6.46957	28.1162	24.8765	14.9278	87.2067	15.064	6.34896	35.1764	22.3902	4.29997	26.1398	19.6614	12.4379	11.3696
PWY-5845: superpathway of menaquinol-9 biosynthesis	14.5306	7.88984	157.159	18.4084	24.3349	16.5772	129.918	5.77251	6.26114	32.4807	14.1607	10.3863	87.2067	16.5857	6.50802	29.3596	20.1265	4.41023	18.1467	17.302	14.9498	15.6631
PWY-5850: superpathway of menaquinol-6 biosynthesis	11.167	0	157.159	0	24.3349	10.2674	129.918	3.15867	2.9949	22.5696	14.1607	10.3863	87.2067	10.4045	1.49937	18.2142	16.4799	0	0	17.302	1.38852	3.72795
PWY-5855: ubiquinol-7 biosynthesis (early decarboxylation)	0	0.388306	10.7456	0	0.708464	0.384394	2.19886	3.75659	0	0.195065	0	0.788694	24.3974	0.44001	0.244762	0.454389	0.557977	0.102213	0	0.623694	0	0
PWY-5860: superpathway of demethylmenaquinol-6 biosynthesis I	7.59447	0	122.022	0	16.7368	6.93102	103.216	2.11743	2.01528	15.5789	9.70516	7.05437	67.6474	7.04431	1.00159	12.791	11.3284	0	0	12.0267	0.927412	2.49857
PWY-5861: superpathway of demethylmenaquinol-8 biosynthesis I	13.1763	5.43415	146.526	12.8569	19.4527	23.4347	125.54	3.8968	4.43482	23.5339	18.9699	10.928	96.0071	11.4153	4.38875	27.092	16.5854	2.97855	18.9943	17.6346	10.3019	10.8891
PWY-5862: superpathway of demethylmenaquinol-9 biosynthesis	9.94221	5.35436	122.022	12.5883	16.7368	11.2777	103.216	3.88743	4.2566	22.7741	9.70516	7.05437	67.6474	11.3341	4.37683	21.3142	13.931	2.96042	12.4074	12.0267	10.1711	10.6804
PWY-5896: superpathway of menaquinol-10 biosynthesis	11.167	0	157.159	0	24.3349	10.2674	129.918	3.15867	2.9949	22.5696	14.1607	10.3863	87.2067	10.4045	1.49937	18.2142	16.4799	0	0	17.302	1.38852	3.72795
PWY-5897: superpathway of menaquinol-11 biosynthesis	16.9166	7.07717	180.55	16.8494	28.0034	30.1388	148.452	5.09757	5.7445	30.3425	25.5838	14.2284	113.024	14.8779	5.74668	34.334	21.6203	3.90755	24.4169	23.2995	13.3912	14.1497
PWY-5898: superpathway of menaquinol-12 biosynthesis	16.9166	7.07717	180.55	16.8494	28.0034	30.1388	148.452	5.09757	5.7445	30.3425	25.5838	14.2284	113.024	14.8779	5.74668	34.334	21.6203	3.90755	24.4169	23.2995	13.3912	14.1497
PWY-5899: superpathway of menaquinol-13 biosynthesis	16.9166	7.07717	180.55	16.8494	28.0034	30.1388	148.452	5.09757	5.7445	30.3425	25.5838	14.2284	113.024	14.8779	5.74668	34.334	21.6203	3.90755	24.4169	23.2995	13.3912	14.1497
PWY-5910: superpathway of geranylgeranyldiphosphate biosynthesis I (via mevalonate)	0	2.9778	0	0	0	8.10884	0	9.9855	4.34735	0	0	1.67805	0.726358	0.439988	1.10186	0	0	0	2.78769	6.78377	0	0.411697
PWY-5913: partial TCA cycle (obligate autotrophs)	63.5186	53.7902	275.978	47.5622	42.3681	36.707	200.398	42.8899	96.1373	47.4975	18.2323	7.9	161.903	53.66	14.3405	39.7145	16.626	58.6199	33.9286	53.5215	29.8454	33.8311
PWY-5918: superpathway of heme b biosynthesis from glutamate	4.31923	6.76836	173.561	34.2491	33.0337	16.3241	133.227	18.9732	7.2127	16.1406	0	7.53247	105.881	34.6848	3.47276	28.8092	16.3341	17.7297	9.78696	10.5128	1.95755	6.75994
PWY-5920: superpathway of heme b biosynthesis from glycine	0	0	130.046	0	19.9727	3.06283	99.0795	5.39697	0	5.87515	0	0	44.1404	0.936336	1.54549	15.1019	5.51755	1.25807	0	4.86536	0	0.283329
PWY-5941: glycogen degradation II	385.609	409.327	490.097	193.832	613.354	257.076	469.065	351.802	470.981	513.963	346.812	444.222	548.638	237.947	494.911	538.369	413.369	179.407	311.617	375.069	549.691	601.377
PWY-5971: palmitate biosynthesis (type II fatty acid synthase)	0	0	252.968	0	29.5845	0	201.566	33.5833	0	81.0394	40.7962	0	189.738	11.4911	0	85.8719	32.6092	0	0	26.4816	101.113	109.29
PWY-5972: stearate biosynthesis I (animals)	0	0	1.94681	0	0	0	1.09852	0.495141	0	3.9776	0	0	1.74985	1.52555	0	6.92	1.00013	0	0	0	0	0
PWY-5973: cis-vaccenate biosynthesis	256.256	163.659	224.881	166.102	54.8814	288.14	193.603	214.258	185.558	208.611	87.7426	213.339	193.14	199.415	283.758	120.565	166.531	187.754	265.644	82.902	318.017	296.935
PWY-5981: CDP-diacylglycerol biosynthesis III	3.02057	55.1475	35.6863	0.71382	8.06404	54.9739	47.7699	30.8936	27.4651	25.3594	12.504	50.457	30.7005	0.637671	88.8142	22.3177	43.1839	3.29143	62.1687	27.384	18.5981	8.51376
PWY-5989: stearate biosynthesis II (bacteria and plants)	111.331	91.0908	229.721	5.9932	42.7205	117.745	181.515	72.8345	72.0408	72.4842	31.178	35.396	176.5	7.76724	61.2834	76.1875	31.4821	5.80056	76.0105	27.6183	74.6726	80.7656
PWY-5994: palmitate biosynthesis (type I fatty acid synthase)	0	0	0	0	0	0	0	0	0	0	0	0	0	0	0	1.29101	1.09654	0	0	0.506854	0	21.2748
PWY-6113: superpathway of mycolate biosynthesis	0	0	0	0	0	0	0	0	0	0	0	0	0	0	0	3.26627	3.13174	0	0	0.848695	0	0
PWY-6121: 5-aminoimidazole ribonucleotide biosynthesis I	384.182	443.38	372.082	370.797	496.31	426.22	358.499	391.905	449.563	426.387	390.525	440.841	402.719	375.775	489.443	516.979	421.505	392.512	381.741	465.751	483.265	502.904
PWY-6122: 5-aminoimidazole ribonucleotide biosynthesis II	387.972	462.368	391.246	411.696	506.476	441.711	384.83	402.31	461.641	429.491	401.899	445.529	418.516	422.621	489.156	539.952	444.357	432.963	381.722	540.41	483.861	503.617
PWY-6123: inosine-5'-phosphate biosynthesis I	333.769	356.53	254.003	301.78	335.905	390.351	259.111	325.279	350.691	349.436	309.663	354.202	302.043	369.428	379.239	306.677	326.324	336.401	351.809	267.21	434.659	443.175
PWY-6124: inosine-5'-phosphate biosynthesis II	319.044	346.969	238.237	283.213	307.347	383.258	245.714	305.78	334.461	330.03	292.169	332.174	287.245	356.56	355.029	280.971	305.24	323.266	342.4	245.129	416.137	425.776
PWY-6125: superpathway of guanosine nucleotides de novo biosynthesis II	126.971	206.329	148.17	262.216	157.01	196.73	163.489	213.572	153.646	169.576	268.035	165.773	153.755	269.051	111.149	139.68	168.591	262.243	171.312	179.405	231.493	237.465
PWY-6126: superpathway of adenosine nucleotides de novo biosynthesis II	169.699	265.828	200.362	330.717	204.592	253.983	216.281	269.118	202.607	219.363	320.007	215.936	205.5	330.065	152.525	189.238	220.23	331.963	223.812	235.026	299.506	305.512
PWY-6143: CMP-pseudaminate biosynthesis	66.8006	20.6655	0.69241	0	3.26981	52.0032	0.575249	14.1594	19.7662	26.0248	10.9919	1.23874	0.265027	0	28.9371	13.585	1.13949	0	62.1897	0.658303	0.971456	0.895039
PWY-6147: 6-hydroxymethyl-dihydropterin diphosphate biosynthesis I	210.028	142.553	241.397	160.232	32.9827	214.173	201.935	103.97	139.594	103.766	34.5093	134.83	134.998	170.908	80.2438	59.0534	118.689	114.531	179.784	89.9604	215.236	211.07
PWY-6151: S-adenosyl-L-methionine salvage I	366.984	357.878	258.293	170.532	558.538	297.448	272.893	381.135	427.625	449.699	347.716	402.801	336.935	206.416	467.131	473.436	366.628	193.015	336.304	393.912	482.797	510.797
PWY-6160: 3-dehydroquinate biosynthesis II (archaea)	0	46.0562	4.34404	40.5274	0	27.0024	8.95054	21.3667	0	0	0	70.5271	4.28727	51.6255	0	0	95.2815	29.4351	13.1827	173.848	0	0
PWY-6163: chorismate biosynthesis from 3-dehydroquinate	426.205	412.739	443.467	340.804	559.156	401.398	420.841	429.947	472.682	489.078	348.205	526.827	431.733	397.991	519.786	537.269	483.562	369.723	375.938	513.489	569.249	607.95
PWY-6165: chorismate biosynthesis II (archaea)	0	103.244	11.3955	89.9929	0	64.7343	23.0466	52.6162	0	0	0	153.65	11.2461	113.195	0	0	191.076	69.2953	33.1853	294.853	0	0
PWY-6167: flavin biosynthesis II (archaea)	0	34.5633	23.5446	0	0	16.5909	21.6476	27.7573	0	0	0	34.1398	13.8726	43.2422	0	0	17.5662	32.0722	26.024	15.4602	0	0
PWY-6168: flavin biosynthesis III (fungi)	21.9966	35.9736	231.502	0	136.047	14.98	215.365	41.5492	22.8965	90.1897	0	83.9728	175.823	59.4019	33.3223	69.855	16.8813	45.3754	59.2169	14.7246	125.068	114.176
PWY-6174: mevalonate pathway II (haloarchaea)	0	2.23286	0	1.50766	0	8.28492	0	6.99204	0	0	0	2.17626	0	0	0	0	1.62605	0	2.10336	4.00604	0	0
PWY-6182: superpathway of salicylate degradation	0	0	0	0	0	0	0	0	0	0	0	0	0.625885	0	0	0.716234	0	0	0	0.335422	0	0
PWY-6185: 4-methylcatechol degradation (ortho cleavage)	0	0	0	0	0	0	0	0	0	0	0	0	0.632728	0	0	0.851575	0	0	0	0	0	0
PWY-6210: 2-aminophenol degradation	0	0	0	0	1.63711	0	1.02387	0.609994	0	4.00712	0	0	0.644703	0	0.291622	1.18657	0	0	0	0	0	0.131603
PWY-6215: 4-chlorobenzoate degradation	0	0	0	0	0	0	0	0	0	0	0	0.518377	1.88404	0	0	1.11438	0.545593	0	0	1.08481	0	0.156864
PWY-621: sucrose degradation III (sucrose invertase)	107.888	76.8801	219.871	27.2079	57.7498	103.989	187.91	39.7406	121.943	81.3717	27.3663	98.4539	167.382	32.3554	66.0649	84.0298	102.094	21.9586	96.6221	35.7112	138.113	139.382
PWY-622: starch biosynthesis	128.2	164.843	3.79875	0	0	0	7.93632	32.4937	180.02	0	0	0	15.549	6.84724	0	1.96212	0	0	0	0	53.7322	80.1817
PWY-6270: isoprene biosynthesis I	289.066	286.517	346.666	269.69	385.733	276.982	337.051	303.391	297.575	324.899	164.639	346.239	300.869	299.799	319.8	314.123	334.949	270.841	245.832	259.242	331.723	380.7
PWY-6277: superpathway of 5-aminoimidazole ribonucleotide biosynthesis	387.972	462.368	391.246	411.696	506.476	441.711	384.83	402.31	461.641	429.491	401.899	445.529	418.516	422.621	489.156	539.952	444.357	432.963	381.722	540.41	483.861	503.617
PWY-6282: palmitoleate biosynthesis I (from (5Z)-dodec-5-enoate)	111.148	87.8351	233.241	5.99673	25.8683	122.793	185.196	73.0281	72.3619	72.9621	31.6438	35.5756	176.545	7.77151	63.0148	79.8452	31.4881	5.81516	78.1676	27.065	74.5546	80.5504
PWY-6284: superpathway of unsaturated fatty acids biosynthesis (E. coli)	0	0	167.155	0	28.558	0	132.144	2.26681	0	14.7847	17.5406	0	99.3462	4.12899	0	24.1699	4.34303	0	0	2.79535	44.6565	60.6931
PWY-6285: superpathway of fatty acids biosynthesis (E. coli)	0	0	204.4	0	29.5437	0	162.133	4.45754	0	26.1925	0	0	134.816	5.74618	0	39.4998	8.04278	0	0	5.24056	0	6.25359
PWY-6292: superpathway of L-cysteine biosynthesis (mammalian)	0	12.5224	50.1863	18.3494	19.5228	15.0608	23.2768	6.92891	31.3818	2.373	15.7441	64.9275	83.3755	14.819	0.876411	2.00096	36.4615	12.5366	27.6158	4.8031	135.138	123.802
PWY-6293: superpathway of L-cysteine biosynthesis (fungi)	0	0	66.4229	0	20.5866	0.963531	41.1616	2.67591	12.0613	4.57658	0	0.498194	55.4538	1.92404	0.940357	3.99865	1.55464	0.845181	0	3.84541	0	0.572111
PWY-6305: superpathway of putrescine biosynthesis	94.7549	52.8321	219.839	15.2978	57.4502	92.1944	220.7	73.9388	103.184	69.5974	28.2886	75.3221	184.89	16.1658	43.2781	63.9052	61.6199	15.4826	65.3698	13.0127	135.924	143.368
PWY-6317: D-galactose degradation I (Leloir pathway)	292.959	244.69	318.279	143.391	418.204	192.065	319.014	233.21	334.866	338.269	201.889	309.497	326.952	164.679	325.501	334.812	284.74	131.252	220.262	234.177	338.013	378.735
PWY-6318: L-phenylalanine degradation IV (mammalian, via side chain)	0	0	0.792597	0	2.63786	0	0.905822	0.736827	0	2.00942	0	0	13.4844	0.388555	0	3.92854	0.219908	0	0	0	0	0
PWY-6328: L-lysine degradation X	0	0	3.07393	0.380105	4.66315	0.682336	1.34232	1.12244	0	3.73459	0	0.707629	14.6061	1.46003	0.704155	3.52307	1.66136	0.443684	0	2.14113	0	0.185834
PWY-6349: CDP-archaeol biosynthesis	0	36.9109	5.65255	43.9944	0	29.9536	9.34049	15.9777	0	0	0	13.2772	4.75029	41.8153	0	0	21.0622	24.1778	11.581	29.6965	0	0
PWY-6350: archaetidylinositol biosynthesis	0	34.7954	5.2099	39.0912	0	27.4152	8.02101	13.3376	0	0	0	12.165	4.20784	37.7427	0	0	18.9678	22.1259	9.9655	26.8889	0	0
PWY-6353: purine nucleotides degradation II (aerobic)	54.4146	16.4629	295.151	22.2813	157.684	79.0447	257.616	31.687	49.279	103.816	31.6538	133.172	242.768	25.4857	100.945	130.858	136.947	27.175	69.5801	51.638	95.8459	111.295
PWY-6385: peptidoglycan biosynthesis III (mycobacteria)	430.178	401.849	437.02	323.551	498.324	417.673	428.191	424.83	439.662	451.692	332.815	449.914	434.027	388.771	502.17	493.586	436.007	374.968	413.062	450.657	497.207	520.755
PWY-6386: UDP-N-acetylmuramoyl-pentapeptide biosynthesis II (lysine-containing)	436.794	435.894	391.222	326.953	534.126	422.172	397.114	459.95	488.473	488.399	389.595	485.665	430.921	385.509	538.229	549.658	468.428	365.375	414.663	508.692	539.59	567.813
PWY-6387: UDP-N-acetylmuramoyl-pentapeptide biosynthesis I (meso-diaminopimelate containing)	434.361	426.757	405.036	327.572	528.125	420.03	407.897	454.009	482.003	483.577	383.788	478.342	428.612	401.902	528.631	539.438	462.501	389.414	411.784	504.073	529.43	554.533
PWY-6396: superpathway of 2,3-butanediol biosynthesis	0	17.9145	0	0	0	2.32151	0	1.54065	5.78188	0	0	0.748434	0	1.25728	0.422574	2.08913	0.727622	0.408225	0	2.78806	0	0.795388
PWY-6435: 4-hydroxybenzoate biosynthesis III (plants)	0	0	0	10.3429	4.59989	0	0	0	0	0	0	0	0	1.19831	0	0	0	7.85235	0	0	8.68317	8.13997
PWY-6470: peptidoglycan biosynthesis V (&beta;-lactam resistance)	62.1514	79.8935	13.1932	71.5033	80.9732	15.7278	14.6349	78.3723	92.2864	95.5507	148.094	44.0131	33.1614	71.217	61.2375	62.3691	58.9109	46.781	44.5212	46.3893	110.398	139.85
PWY-6471: peptidoglycan biosynthesis IV (Enterococcus faecium)	2.02693	0	0	1.52927	0	0	0	0	5.38213	0	0	37.471	0	0	0	1.03572	22.3654	0	0	20.8568	0	0
PWY-6478: GDP-D-glycero-&alpha;-D-manno-heptose biosynthesis	0	0	0	30.954	0	4.17235	0	1.55861	0.282324	0.391127	0	0	0	40.6771	0.652071	0	0	18.7353	6.39298	0	1.89935	2.98695
PWY-6507: 4-deoxy-L-threo-hex-4-enopyranuronate degradation	60.6979	32.7572	100.403	27.5949	37.7843	25.3051	72.7028	52.0442	56.0195	37.5876	36.5262	45.9654	101.016	18.5563	27.0034	57.855	43.139	16.7733	18.4234	35.4292	99.1238	84.094
PWY-6518: bile acids epimerization	0.730802	2.58256	0.920852	0	0	0	2.80074	3.58201	5.64372	7.00363	0	4.72402	1.62136	0	5.44851	11.1246	4.63226	0	0	8.9429	0.160828	0.555942
PWY-6519: 8-amino-7-oxononanoate biosynthesis I	127.516	86.6591	250.336	7.87837	30.0406	126.367	199.946	78.282	77.3248	80.234	32.3611	40.6218	177.204	11.7852	69.8076	78.6511	35.4235	6.93469	98.0307	29.1486	85.7785	90.8888
PWY-6527: stachyose degradation	233.824	72.3581	355.249	119.387	369.475	134.182	265.654	132.515	260.865	303.994	174.613	289.204	303.256	113.992	247.205	314.705	257.489	111.006	182.823	244.01	221.852	251.968
PWY-6531: mannitol cycle	12.8775	3.37913	172.385	4.34386	26.7742	31.2214	147.491	9.50579	11.2198	25.6917	3.13764	2.35325	79.7377	5.38383	2.36529	25.5174	4.651	3.57819	15.8759	5.77871	17.5526	19.7039
PWY-6545: pyrimidine deoxyribonucleotides de novo biosynthesis III	7.55217	11.8124	115.527	1.54323	33.5251	2.38623	129.087	11.1995	5.90559	8.9691	9.97288	9.46423	77.4381	7.00825	1.98683	31.4922	17.745	8.3712	2.09409	71.2445	29.0825	31.0426
PWY-6549: L-glutamine biosynthesis III	87.9794	48.8535	76.8897	61.8998	84.2309	46.6521	94.6801	64.6594	126.257	77.0155	35.6463	22.6203	95.2205	67.9257	55.1957	73.7227	38.5109	62.0012	41.911	81.7097	47.2342	49.8667
PWY-6562: norspermidine biosynthesis	0	0	0.498529	0	0	0	0	0	0	0	0	0.451321	1.24029	1.60174	0	1.26877	0	0	0	2.77177	0	0.279932
PWY-6565: superpathway of polyamine biosynthesis III	0	0	0	0	0	0	0	0	0	0	0	0.458657	0	1.60711	0	0	0	0	0	0	0	0
PWY-6572: chondroitin sulfate degradation I (bacterial)	3.92418	1.99005	0.672899	0	0	22.6725	0	5.98211	1.94966	0	0	0	0.438781	0	0	0	0	0	7.39033	0	7.09093	7.12621
PWY-6583: pyruvate fermentation to butanol I	0	0	0	0	0	0	0	0	0	0	4.87362	0	0	0	0	0	0	0	0	0	0	0
PWY-6588: pyruvate fermentation to acetone	15.4329	8.60468	38.9407	31.8067	15.1461	26.6587	48.4298	5.33304	9.28195	10.8094	25.0643	15.0586	35.2354	22.2754	23.239	26.237	16.2053	22.2608	38.4767	17.6588	13.3917	9.06715
PWY-6590: superpathway of Clostridium acetobutylicum acidogenic fermentation	23.295	39.2739	13.6115	36.7697	17.0567	52.7554	14.3411	36.4687	14.1711	23.7008	18.5959	46.7755	14.8181	24.4911	45.2232	63.952	49.6027	28.452	44.7042	56.7498	37.8519	32.0625
PWY-6595: superpathway of guanosine nucleotides degradation (plants)	14.1245	5.56445	5.02123	10.8537	0	15.6067	8.61089	7.71374	16.0631	11.1316	7.348	3.4329	5.91994	9.52367	5.1163	6.91027	5.6595	12.9228	12.3482	4.84312	3.8782	5.1317
PWY-6606: guanosine nucleotides degradation II	31.2594	7.76856	187.25	15.0843	102.933	43.6218	157.176	14.819	24.7148	62.6333	16.325	79.7551	151.172	12.3268	59.9128	81.8129	81.792	18.368	35.9626	29.7215	52.7172	62.9928
PWY-6607: guanosine nucleotides degradation I	13.3938	4.99944	5.04949	10.425	0	15.8976	8.70803	7.3005	14.8717	11.0135	7.62847	3.44294	5.95717	8.90322	5.09759	6.90639	5.69008	12.0462	12.6779	4.7752	3.89631	5.14803
PWY-6608: guanosine nucleotides degradation III	198.559	40.958	468.359	24.6786	157.61	72.884	392.556	88.6715	168.539	168.517	25.5942	111.297	298.725	45.6254	145.791	142.585	111.742	36.2792	55.555	108.963	84.1166	107.329
PWY-6609: adenine and adenosine salvage III	376.371	334.96	353.584	434.939	480.437	445.716	387.851	380.517	407.268	427.356	453.521	444.675	426.618	426.284	453.148	466.122	424.344	425.414	404.645	417.558	522.92	540.961
PWY-6612: superpathway of tetrahydrofolate biosynthesis	0	16.4281	81.1609	3.84267	43.4005	21.9151	72.5841	18.4311	10.2669	14.9638	0	74.6242	56.0876	3.19131	21.1723	20.8849	75.4781	4.02859	44.8856	16.0912	35.7136	42.2719
PWY-6628: superpathway of L-phenylalanine biosynthesis	214.833	229.867	114.2	135.309	103.802	88.2006	102.35	185.454	302.774	77.6374	163.054	116.515	229.095	150.865	55.9867	103.658	107.852	181.574	103.1	169.276	186.459	194.877
PWY-6629: superpathway of L-tryptophan biosynthesis	350.246	366.109	338.6	225.835	469.66	250.591	333.364	357.285	413.539	423.196	294.237	425.287	367.202	279.929	415.223	425.739	398.112	229.063	264.406	386.729	432.366	476.169
PWY-6630: superpathway of L-tyrosine biosynthesis	183.714	154.023	79.5061	130.572	71.2622	112.323	69.6821	130.041	251.249	68.7083	163.377	66.1888	149.572	142.661	42.4758	75.8728	89.6177	174.416	130.779	127.524	104.952	106.74
PWY-6641: superpathway of sulfolactate degradation	0	0	0	0	0	0	0	0	0	0	0	0	0	0	0	0	0	0	0	0.172674	0	0
PWY-6662: superpathway of quinolone and alkylquinolone biosynthesis	0	0	0	0	0	0	0	1.23388	0	0	0	0	0	0	0	0	0	0	0	0	0	0
PWY-6690: cinnamate and 3-hydroxycinnamate degradation to 2-hydroxypentadienoate	0	0.613402	113.357	0	7.22457	0	89.5851	0.875091	0	5.50788	0	0	61.6239	1.66722	0.56452	8.52109	1.07455	0.691925	0	2.61146	0	0
PWY-6700: queuosine biosynthesis I (de novo)	337.978	274.801	257.138	262.46	436.327	310.208	264.849	338.319	337.267	398.101	200.532	414.004	350.673	335.411	422.83	411.811	369.863	302.617	294.666	374.053	493.341	489.903
PWY-6703: preQ0 biosynthesis	201.259	196.916	197.422	155.498	110.495	236.722	205.908	210.332	164.482	190.299	76.0376	217.922	186.46	200.562	262.05	138.352	219.349	179.346	221.963	114.337	286.629	272.706
PWY-6708: ubiquinol-8 biosynthesis (early decarboxylation)	0	0	0	0	0	0	0	0	0	0	0	0	12.7927	0.306841	0	0	0.188441	0	0	0	0	0
PWY-6731: starch degradation III	212.094	99.9738	219.994	110.605	138.071	140.277	214.361	137.695	178.661	202.336	77.4794	156.792	188.543	157.828	204.651	140.683	137.1	96.1762	176.82	115.823	212.022	184.768
PWY-6748: nitrate reduction VII (denitrification)	0	0	0	0	0	0	0	0.65943	0	0	0	0	0	0	0	0	0	0	0	0	0	0
PWY-6749: CMP-legionaminate biosynthesis I	3.71878	1.20375	0.43251	5.21577	0	21.8611	0	4.20389	0.830692	0.786303	21.4033	0.955251	0	1.36313	1.69386	0.671911	14.7924	1.3251	24.9668	0.742504	4.26884	3.6586
PWY-6797: 6-hydroxymethyl-dihydropterin diphosphate biosynthesis II (Methanocaldococcus)	0	0	0	0	0	0	0	0	0	0	0	0	0	0	0	0	0	0	1.51356	2.21559	0	0
PWY-6803: phosphatidylcholine acyl editing	0	2.96733	396.151	0	27.1283	0	284.814	17.6619	0	21.6171	4.51508	0.73133	103.997	3.66637	8.81797	41.648	1.00873	0.735266	0	3.13604	0	0.195027
PWY-6807: xyloglucan degradation II (exoglucanase)	0	0	1.0099	0	0	65.1625	0	0.84891	0	0	12.8441	0	0.869918	0	0	0	0	0	44.9571	0	6.09558	3.76292
PWY-6823: molybdopterin biosynthesis	171.833	130.965	186.929	153.681	416.664	113.861	162.174	136.968	252.78	266.714	133.842	208.923	212.246	169.078	258.459	299.439	182.234	187.124	124.492	184.994	242.212	283.307
PWY-6859: all-trans-farnesol biosynthesis	27.2293	15.7576	32.9813	12.7949	15.9815	10.8391	38.852	33.9836	47.7485	41.6032	16.7604	26.9868	45.9524	2.59305	15.8527	13.1867	22.8252	3.49142	13.728	12.9576	71.9784	83.5996
PWY-6863: pyruvate fermentation to hexanol (engineered)	0	0	0	0	0	0	0	0	0	0	6.70203	0	0	0	0	0	0	0	0	0	0	0
PWY-6876: isopropanol biosynthesis (engineered)	9.08383	1.87141	0.28639	2.0591	0	3.84161	0.643531	0	4.27964	2.00916	0	2.10764	0.638485	3.21151	5.37485	15.7534	2.26497	2.35728	4.64595	4.2582	0	0.390117
PWY-6892: thiazole component of thiamine diphosphate biosynthesis I	218.44	178.562	283.614	158.275	352.979	198.074	264.361	201.28	138.697	311.827	134.177	291.05	270.619	208.906	309.643	274.489	279.154	160.732	248.716	193.155	236.254	279.982
PWY-6895: superpathway of thiamine diphosphate biosynthesis II	0	39.3396	392.689	5.13677	65.1617	69.7387	306.233	8.68923	46.7846	86.9667	0	22.4444	220.509	15.9867	42.036	84.1556	32.2843	3.74962	104.399	21.9482	84.6049	100.199
PWY-6897: thiamine diphosphate salvage II	192.878	200.763	364.394	142.968	341.112	213.356	304.234	194.621	222.12	203.383	127.138	204.731	270.659	150.446	257.675	227.583	196.59	148.31	207.31	155.675	304.651	300.444
PWY-6901: superpathway of glucose and xylose degradation	269.35	245.219	290.393	177.282	94.1139	184.573	253.733	213.161	252.748	211.526	191.542	174.423	232.19	220.216	181.221	140.675	166.969	177.628	183.422	134.955	229.224	240.147
PWY-6902: chitin degradation II (Vibrio)	121.555	63.9675	128.238	43.2637	10.4362	84.2203	77.4577	71.3031	36.1741	54.6002	36.6021	37.153	80.4697	37.844	49.2001	27.0475	23.696	28.7737	100.025	23.3395	107.796	105.925
PWY-6906: chitin derivatives degradation	25.9354	67.3862	93.1686	52.6194	10.7184	22.8973	92.8563	59.0691	19.8927	37.5479	49.4294	46.3051	88.4064	68.1881	19.4389	40.9756	39.3382	46.8101	32.5867	30.1425	92.0071	58.6487
PWY-6920: 6-gingerol analog biosynthesis (engineered)	0	0	0	6.18877	0	0	0	0	0	0	0	0	0	0.912656	0	0	0	6.18224	0	0	6.13234	4.49999
PWY-6922: L-N&delta;-acetylornithine biosynthesis	2.00464	4.36898	5.60318	0	0	2.40814	5.58247	7.09588	1.79448	5.9634	2.01313	3.5768	38.8164	0.865772	6.62391	9.70938	4.19079	0.490937	3.14433	4.35279	6.22942	4.30909
PWY-6936: seleno-amino acid biosynthesis (plants)	179.93	209.746	305.274	160.13	215.526	127.867	301.277	159.418	279.646	150.855	84.3515	222.057	297.461	215.458	115.177	186.1	238.967	157.368	94.3751	128.994	253.152	240.181
PWY-6953: dTDP-3-acetamido-&alpha;-D-fucose biosynthesis	5.26881	2.60239	0.259663	3.40138	0	8.10461	0.778018	1.66908	2.97659	2.67664	0	14.3752	0.35308	1.83094	1.99622	1.63743	6.33933	0.672704	3.88792	2.2753	0	0
PWY-6961: L-ascorbate degradation II (bacterial, aerobic)	0	1.20396	135.511	0	19.2591	0	105.874	1.31787	1.82036	7.7614	11.8783	1.77765	92.0554	5.95644	0.661183	19.0417	3.94632	0.570252	0	6.73407	0	0.35896
PWY-6969: TCA cycle V (2-oxoglutarate synthase)	71.8022	67.5185	137.172	85.6881	43.2782	115.094	136.709	61.4883	104.223	65.7547	33.5421	85.6654	139.868	101.349	62.0842	56.3841	72.2177	115.176	69.9521	57.7799	47.4308	45.9194
PWY-6992: 1,5-anhydrofructose degradation	6.65099	1.87104	56.0228	0	2.18693	6.08857	36.674	3.28234	1.92551	6.83324	3.05356	1.12393	32.1077	57.0154	0.768614	3.66733	19.1973	67.8016	6.92421	2.64713	0	0
PWY-7000: kanamycin biosynthesis	0	0	0	0	0	0	0	0.592051	0	0	0	0	0	0	0	0	0	0	0.874496	0	0	0.677501
PWY-7003: glycerol degradation to butanol	0	0	0	0	0	0	0	0	0	0	9.82433	0	0	0	0	0	0	0	0	0	0	0
PWY-7013: (S)-propane-1,2-diol degradation	16.8166	28.416	201.651	17.9533	53.0782	20.3052	120.955	19.0553	15.1447	75.6779	86.8779	42.7895	138.953	32.1253	94.772	95.9417	37.5335	17.6398	26.8505	35.0586	25.1722	29.3271
PWY-702: L-methionine biosynthesis II	122.366	90.5692	258.542	60.5005	105.395	47.1041	219.645	47.0134	160.439	70.6016	61.2588	96.3492	166.249	52.7247	74.1591	104.887	107.236	45.5692	41.5698	70.095	48.4244	67.8769
PWY-7031: protein N-glycosylation (bacterial)	0	1.07314	0	2.24393	0	0.303886	0	3.13522	0	3.52473	12.4875	0	0	2.21375	0.506537	0.789875	0	0.404765	0	0	0	0.29355
PWY-7039: phosphatidate metabolism, as a signaling molecule	0	0	0.917827	0	0	0	0	0	0	0	0	0	0.314328	0	0	0	0	0	0	0	0	0
PWY-7090: UDP-2,3-diacetamido-2,3-dideoxy-&alpha;-D-mannuronate biosynthesis	0	0	0	4.20295	0	0	0.548661	0	0	0	0	0	0.147116	7.04725	0	0	0	1.09418	0	0	0	0
PWY-7094: fatty acid salvage	0	0.767347	23.8834	0	5.09496	0.788261	23.0787	1.80946	0	0.926449	0	1.90427	59.6759	0.981619	0	1.82254	2.12386	0.251413	0	0.403452	0	0
PWY-7111: pyruvate fermentation to isobutanol (engineered)	488.167	512.13	559.551	317.287	499.452	254.321	482.104	428.064	507.254	445.822	439.715	398.55	462.576	280.65	489.789	503.837	399.382	327.121	288.584	346.267	395.321	427.439
PWY-7115: C4 photosynthetic carbon assimilation cycle, NAD-ME type	49.3177	86.6718	146.335	12.7803	101.575	15.4359	106.094	40.5777	59.7026	63.1286	52.1021	33.8625	108.4	23.5847	49.7015	34.0097	7.44502	7.06461	41.1888	16.8262	47.7264	64.6478
PWY-7117: C4 photosynthetic carbon assimilation cycle, PEPCK type	111.664	174.743	296.905	68.7898	53.5488	84.243	224.62	67.7444	130.105	70.7533	29.782	11.712	207.118	79.9608	22.2955	56.7971	24.5051	86.1309	83.2283	63.1638	57.4288	68.3843
PWY-7118: chitin deacetylation	0	2.08494	237.641	4.32831	19.2898	2.57863	145.992	4.65337	0	19.8237	0	4.181	101.533	4.5542	3.72156	37.6636	6.99219	1.31762	0	6.41111	0	0.287753
PWY-7159: 3,8-divinyl-chlorophyllide a biosynthesis III (aerobic, light independent)	0	0	0	0	0	0	1.23058	2.35016	0	3.57352	0	0	0.356664	0	1.78369	4.32153	0.963355	0.640403	0	1.18586	0	0.239394
PWY-7165: L-ascorbate biosynthesis VIII (engineered pathway)	0	0	1.60243	0	0	0	0	2.80716	0	0	0	0.741546	4.66083	0	0	2.73232	0.322635	0	0	1.3289	0	0
PWY-7184: pyrimidine deoxyribonucleotides de novo biosynthesis I	7.57885	11.9125	129.071	1.54356	35.4862	2.39043	138.151	11.2612	5.91406	9.01365	9.98149	9.46739	79.2965	7.01719	1.98942	31.6306	17.7513	8.37521	2.09724	70.1793	29.3331	31.2697
PWY-7185: UTP and CTP dephosphorylation I	5.27728	8.20357	11.3648	1.03188	0	1.08459	10.0535	7.74978	4.04422	0.920684	0	6.36378	26.1088	4.74146	0	5.22947	12.6728	5.67097	1.4094	59.3848	21.5061	22.8966
PWY-7187: pyrimidine deoxyribonucleotides de novo biosynthesis II	0	0	92.5615	0	20.2643	0	77.051	1.10362	0	5.26216	0	2.34721	14.1368	0	0	12.0356	0	0	0	1.86264	0	0
PWY-7196: superpathway of pyrimidine ribonucleosides salvage	10.8877	1.92627	4.32403	19.5023	15.0087	18.3305	0.871719	0	0	0	0	0	12.8462	11.623	0	1.92456	0	13.3027	13.797	5.54177	28.0481	27.8725
PWY-7197: pyrimidine deoxyribonucleotide phosphorylation	74.0286	147.996	92.1442	171.793	98.435	130.54	103.897	140.553	92.7281	103.098	189.855	109.655	95.9747	174.005	68.5976	85.0772	111.734	169.929	107.149	118.8	140.745	147.687
PWY-7198: pyrimidine deoxyribonucleotides de novo biosynthesis IV	101.231	176.486	33.1983	163.245	65.9346	113.799	43.7125	119.465	120.066	84.3357	165.457	50.0766	37.7907	165.408	83.2506	106.395	86.8934	163.199	93.3298	130.475	70.3214	77.1104
PWY-7199: pyrimidine deoxyribonucleosides salvage	298.248	213.845	231.813	195.638	211.294	266.879	239.97	241.863	268.632	233.509	238.237	274.065	259.287	227.483	261.139	245.031	254.541	184.824	275.881	193.418	369.275	360.556
PWY-7200: superpathway of pyrimidine deoxyribonucleoside salvage	0	0	0	0	0	1.59849	0	0	0	0	0	0	0	0	0	0	0	0	0	0	0	0
PWY-7204: pyridoxal 5'-phosphate salvage II (plants)	1.28815	0.568017	83.3112	5.09467	14.3279	0	73.3338	1.76811	0	14.5915	14.7753	0	56.1538	2.47794	2.40954	10.2552	1.84627	0.201092	1.18281	2.74168	0	0.927254
PWY-7208: superpathway of pyrimidine nucleobases salvage	107.652	198.368	127.677	244.205	149.443	174.094	142.981	195.156	131.41	152.789	241.507	151.828	135.147	243.818	115.375	124.167	159.241	245.963	152.451	163.619	202.794	211.28
PWY-7209: superpathway of pyrimidine ribonucleosides degradation	0	41.2263	24.9983	43.761	6.17187	9.24799	19.8371	26.8315	0	0	0	1.44078	10.1712	39.4632	0	1.27906	0.986681	39.7045	10.3599	0	15.2291	18.3305
PWY-7210: pyrimidine deoxyribonucleotides biosynthesis from CTP	8.27627	13.0918	17.1563	1.71275	0	1.79549	15.518	12.3621	6.50503	1.52288	0	10.098	35.3211	7.74995	0	8.31273	19.2982	9.24034	2.32309	72.8493	31.4833	33.57
PWY-7211: superpathway of pyrimidine deoxyribonucleotides de novo biosynthesis	13.457	9.21099	75.5354	2.98571	52.4887	4.68739	84.7561	14.538	10.4054	16.4381	11.2758	17.6967	100.22	11.4035	3.92487	50.4199	32.011	13.3484	4.09676	47.6096	45.3971	50.313
PWY-7220: adenosine deoxyribonucleotides de novo biosynthesis II	90.2281	155.967	113.78	224.886	105.663	145.142	127.311	160.619	110.299	121.484	215.708	116.674	114.493	222.874	75.4876	97.5791	120.507	218.821	124.972	128.134	171.528	175.062
PWY-7221: guanosine ribonucleotides de novo biosynthesis	450.731	412.199	347.01	351.959	596.914	489.045	352.283	460.681	503.998	519.433	458.028	515.487	390.789	413.029	579.078	564.545	491.299	391.103	465.118	517.917	537.48	561.416
PWY-7222: guanosine deoxyribonucleotides de novo biosynthesis II	90.2281	155.967	113.78	224.886	105.663	145.142	127.311	160.619	110.299	121.484	215.708	116.674	114.493	222.874	75.4876	97.5791	120.507	218.821	124.972	128.134	171.528	175.062
PWY-7228: superpathway of guanosine nucleotides de novo biosynthesis I	151.431	231.295	173.152	285.537	181.969	225.464	189.423	241.757	182.195	197.918	296.171	191.14	179.469	298.784	134.046	167.516	194.795	289.231	198.103	208.042	261.864	268.393
PWY-7229: superpathway of adenosine nucleotides de novo biosynthesis I	233.093	327.023	268.512	387.506	265.441	322.738	282.698	332.348	273.694	286.44	374.599	278.02	273.12	392.876	216.79	264.392	284.818	396.339	289.822	306.02	373.926	379.998
PWY-7234: inosine-5'-phosphate biosynthesis III	44.1327	232.741	189.867	88.1093	54.1495	174.357	186.433	111.693	61.7264	37.6768	40.9359	30.3872	136.816	97.7578	52.2297	55.3613	46.7193	58.8578	109.887	65.3512	97.3204	104.564
PWY-7237: myo-, chiro- and scyllo-inositol degradation	380.699	100.39	217.798	149.59	420.178	179.755	169.307	126.149	369.513	179.997	167.262	261.7	245.084	178.384	179.49	169.309	228.62	141.089	201.983	162.271	230.694	232.629
PWY-7238: sucrose biosynthesis II	558.182	520.741	550.3	248.569	825.428	366.776	512.503	555.239	704.955	684.987	407.882	621.154	669.669	278.105	675.14	771.346	578.607	237.277	423.269	637.994	743.277	782.395
PWY-7242: D-fructuronate degradation	42.8272	34.1677	104.935	27.9585	44.3103	29.426	79.2807	53.7	57.9666	24.7659	37.4221	60.2016	136.84	18.6814	14.4171	31.4229	45.1586	16.9906	19.3176	21.2571	116.105	105.414
PWY-7245: superpathway of NAD/NADP - NADH/NADPH interconversion (yeast)	0	0	0	0	0	0	0	0	0	0	0	0	0	0	0.229391	3.6622	0	0	0	1.84485	0	0
PWY-724: superpathway of L-lysine, L-threonine and L-methionine biosynthesis II	372.502	365.588	374.221	290.844	386.91	326.547	348.283	347.623	396.022	375.84	330.434	372.811	347.973	352.427	392.289	384.014	356.317	316.549	322.389	346.552	408.709	428.356
PWY-7254: TCA cycle VII (acetate-producers)	0	1.80074	62.6925	2.09276	26.0483	4.86924	27.3023	7.90397	0	0.530451	0	3.37417	109.171	11.1204	0.377007	0	9.83376	4.18316	0	13.0122	0	1.61872
PWY-7268: cytosolic NADPH production (yeast)	0	0	0	0	0	0	0	2.00537	0	0	0	1.35872	0	0	0.969125	4.27531	0	0	0	2.21819	0	0
PWY-7269: mitochondrial NADPH production (yeast)	0	0.859112	48.279	0	0	0	40.5712	1.34009	0	2.79213	0	0.90696	25.0634	0.704617	0.646634	5.08839	0.335288	0.294065	0	2.48582	0	0
PWY-7279: aerobic respiration II (cytochrome c) (yeast)	0	0.410075	0	0	0	0	0	0	0	0.42457	0	0	0	0.166336	0	0	0	0.136979	0	0	0	0
PWY-7282: 4-amino-2-methyl-5-diphosphomethylpyrimidine biosynthesis II	203.55	189.728	236.998	136.649	59.243	181.145	198.303	147.894	175.922	168.586	74.541	166.508	223.461	164.285	179.781	127.651	143.938	142.374	211.395	118.274	248.098	226.716
PWY-7286: 7-(3-amino-3-carboxypropyl)-wyosine biosynthesis	0	40.1647	6.2186	44.3386	0	28.6226	10.9798	18.9701	0	0	0	13.4772	6.48794	48.6677	0	0	23.5763	27.4014	12.0939	35.2093	0	0
PWY-7294: D-xylose degradation IV	0	0	0	0	0	0	0	0	0	0	0	0	0	0	0	0	1.16859	0	0	0.637293	0	0
PWY-7312: dTDP-&beta;-D-fucofuranose biosynthesis	3.85553	42.1633	1.21455	0	3.05929	0	1.47963	71.641	10.6712	0	0	0	4.20387	0	40.8945	0	0	0	0	0	69.0231	52.7226
PWY-7315: dTDP-N-acetylthomosamine biosynthesis	5.71326	84.9013	110.093	92.1701	15.5382	3.00804	87.0089	52.0773	2.88138	105.353	68.1124	35.6074	65.1419	131.765	97.0789	49.9914	23.5653	55.4622	3.93106	18.0872	4.66596	4.04765
PWY-7316: dTDP-N-acetylviosamine biosynthesis	16.0201	0	2.34728	0	0	0	2.34922	0	2.56229	6.07215	0	24.2601	1.18353	0	2.23818	1.93822	19.0416	0.529723	0	5.53549	0	0
PWY-7317: superpathway of dTDP-glucose-derived O-antigen building blocks biosynthesis	0	0	0.274331	0	0	0	0.49563	0	0.666781	0.8861	0	0	0.445169	0	0.935404	0.456052	0	0	0	0	0	0
PWY-7323: superpathway of GDP-mannose-derived O-antigen building blocks biosynthesis	78.4107	55.7616	207.566	56.1671	43.13	94.0604	187.431	89.3427	67.0911	98.507	22.2115	103.884	160.142	86.3288	92.2078	62.9268	97.9088	49.3985	77.6571	37.8139	142.627	152.693
PWY-7328: superpathway of UDP-glucose-derived O-antigen building blocks biosynthesis	186.309	200.878	233.318	125.355	132.804	135.081	236.028	142.906	191.669	125.084	148.384	130.387	225.14	145.316	154.452	189.444	135.915	113.445	139.623	162.791	100.043	105.221
PWY-7332: superpathway of UDP-N-acetylglucosamine-derived O-antigen building blocks biosynthesis	0	0	2.03608	0	0	0	2.27059	5.30088	0	0	0	0	0.732143	6.06355	0	4.06987	0.618194	0	0	2.21491	0	0.994465
PWY-7340: 9-cis, 11-trans-octadecadienoyl-CoA degradation (isomerase-dependent, yeast)	0	0.819531	2.24596	0	0	0	1.27541	2.01272	0	3.80313	0	1.16163	2.04184	1.43634	1.66227	5.75944	1.62227	0.341707	0.807972	1.12292	0	0.167054
PWY-7345: superpathway of anaerobic sucrose degradation	188.897	181.849	348.393	88.14	79.3677	169.365	296.679	115.608	169.19	132.07	46.8529	118.392	237.685	105.829	133.841	150.899	136.578	73.4189	163.702	101.813	147.192	127.498
PWY-7356: thiamine diphosphate salvage IV (yeast)	29.873	95.8047	26.2052	17.0777	23.9653	43.782	20.2658	34.3941	34.3177	23.2004	8.98666	6.87759	39.783	10.3012	26.2459	18.6082	11.8413	18.4925	47.6565	10.9854	60.8402	47.5208
PWY-7357: thiamine phosphate formation from pyrithiamine and oxythiamine (yeast)	228.631	264.875	280.519	148.766	425.299	179.207	244.207	222.232	272.946	332.935	239.938	329.996	332.991	166.495	341.77	294.683	290.625	156.389	194.225	280.129	376.719	400.049
PWY-7371: 1,4-dihydroxy-6-naphthoate biosynthesis II	6.4521	3.51098	2.1411	8.74741	3.69677	7.49567	5.32915	5.31286	3.07371	0	0	1.86652	2.46593	12.851	0	0	2.17493	13.3879	1.9413	3.06282	0.446971	0.40489
PWY-7374: 1,4-dihydroxy-6-naphthoate biosynthesis I	0	2.27312	0	8.39392	0	2.13777	0	3.80361	0	0	0	0.877253	0	12.7089	0	0	1.57785	13.1955	0	1.72101	0	0.247036
PWY-7383: anaerobic energy metabolism (invertebrates, cytosol)	101.314	111.807	79.9007	127.921	79.9626	187.2	71.473	142.601	72.7252	131.622	60.9859	146.619	94.4177	109.344	241.722	133.385	150.347	122.719	176.275	114.521	87.7194	81.248
PWY-7384: anaerobic energy metabolism (invertebrates, mitochondrial)	0	0	6.81675	0	1.84797	0	0	0	0	0.550523	0	0	12.1445	0.356733	0	0	0	0.178541	0	0	0	0
PWY-7385: 1,3-propanediol biosynthesis (engineered)	0	1.05485	162.867	0	26.1189	0	119.624	0.752214	0	11.4042	0	0	53.4662	1.62786	1.93146	19.1927	1.59195	0.497311	0	1.20725	0	0
PWY-7388: octanoyl-[acyl-carrier protein] biosynthesis (mitochondria, yeast)	16.1565	0	44.3363	0.975821	0	1.38129	28.615	2.16442	27.1113	8.4762	23.5003	10.0448	16.6285	2.65826	2.97365	13.1805	13.5334	0	0	24.7115	1.15377	1.66085
PWY-7389: superpathway of anaerobic energy metabolism (invertebrates)	0	0	10.5165	0	2.96019	0	0	0	0	0.891152	0	0	18.2664	0.575631	0	0	0	0.286228	0	0	0	0
PWY-7391: isoprene biosynthesis II (engineered)	0	1.73029	0	0	0	5.59285	0	5.88843	0	0	0	0.552981	0	0	0	0	0	0	0.856432	3.36276	0	0
PWY-7392: taxadiene biosynthesis (engineered)	52.9876	31.7814	66.713	29.7219	37.2558	23.7511	50.5095	65.8748	91.9023	76.2205	35.6535	59.3654	96.2334	7.14892	31.3556	22.9237	50.4863	9.15686	29.5148	21.1423	137.963	156.607
PWY-7396: butanol and isobutanol biosynthesis (engineered)	0	0	0	0	0	0	0	0	0	0	0	0	1.6678	0	0	0	0	0	0	5.26707	0	0
PWY-7399: methylphosphonate degradation II	0	0.878817	0	0	2.03573	0.424312	0	2.01256	0	3.40628	3.68276	0	0.283717	0.756068	0	4.19997	0.951505	0.195082	0	0.624987	0	0
PWY-7400: L-arginine biosynthesis IV (archaebacteria)	314.028	280.263	346.455	244.291	310.735	335.423	338.273	303.149	308.213	347.381	266.75	319.164	371.459	292.989	397.062	387.617	297.578	264.465	319.475	309.809	348.466	347.045
PWY-7409: phospholipid remodeling (phosphatidylethanolamine, yeast)	0	0	0	0	0	0	0	0	0	0	0	0.432632	11.3387	0.467381	0	0	0.10863	0	0	0	0	0
PWY-7413: dTDP-6-deoxy-&alpha;-D-allose biosynthesis	0	9.98298	0.417393	0	0	0	0.557033	5.76322	0	0	0	0	0.222714	0	0	0	0	0	0	0	0	0
PWY-7434: terminal O-glycans residues modification (via type 2 precursor disaccharide)	0	1.95862	0	0	0	0.863754	0	1.61098	0.4712	0	0	0	4.48671	0	0	0	0.369642	0	0.469525	0.983965	0	0.358217
PWY-7446: sulfoquinovose degradation I	0	0	0	0	7.15427	0	0	0	0	2.27592	0	0	0	0	0	1.53547	0	0	0	0	0	0
PWY-7456: &beta;-(1,4)-mannan degradation	71.108	51.6877	179.672	79.8149	33.4097	128.594	133.31	67.8946	54.7478	83.9481	17.6697	92.7786	146.759	126.72	91.6392	73.9792	85.7197	57.3064	94.9945	36.7976	109.05	93.5008
PWY-7560: methylerythritol phosphate pathway II	279.347	282.468	386.34	263.473	383.101	266.972	353.768	297.985	289.066	316.75	154.61	343.403	305.408	294.69	308.142	305.528	332.791	261.364	235.366	248.199	323.691	375.004
PWY-7616: methanol oxidation to carbon dioxide	0	0	8.16268	0	1.73298	0.192912	6.02773	0	0	3.13614	0	0	11.4009	0.758734	2.16777	3.21127	0.339938	0.23261	0	0.118793	0	0
PWY-7663: gondoate biosynthesis (anaerobic)	235.876	142.668	343.386	151.476	44.9669	266.911	239.121	188.735	163.42	182.088	73.9282	186.381	224.518	180.465	252.353	100.895	142.906	169.913	243.269	68.3936	283.824	260.846
PWY-7664: oleate biosynthesis IV (anaerobic)	122.541	95.4942	244.554	6.95985	24.9386	133.76	194.697	81.2734	80.7972	81.558	35.6909	40.6884	187.881	9.01616	71.2636	87.3622	35.9299	6.75499	87.3212	30.4815	84.213	90.7298
PWY-7688: dTDP-&alpha;-D-ravidosamine and dTDP-4-acetyl-&alpha;-D-ravidosamine biosynthesis	23.6416	3.7691	0.250188	7.85398	0	27.2794	0.740046	2.87276	5.1663	6.31157	0	18.7958	0.547552	2.65058	2.75515	4.27828	8.47487	1.56244	18.7425	5.40673	0.806572	0.339089
PWY-7723: bacterial bioluminescence	0	0	0.879052	0	0	0	0	0.492411	0	0	0	0	2.14961	0	0	0	0	0	0	0	0	0
PWY-7754: bile acid 7&alpha;-dehydroxylation	8.77153	4.49043	0.240897	7.01443	0	8.36602	1.00346	3.29121	8.77326	1.71509	3.84954	0	0.565166	9.52906	3.44755	2.87979	0	5.72694	14.6403	0	1.21589	0.540259
PWY-7761: NAD salvage pathway II (PNC IV cycle)	23.6141	146.119	208.168	147.986	120.047	164.252	210.667	93.1433	46.9613	49.7429	54.5625	107.666	160.146	175.153	41.2648	70.0208	122.162	137.311	112.431	130.9	47.9281	47.159
PWY-7783: plasmalogen degradation	0	0	0.711394	0	0	0	0.849393	0	0	0	0	0	0.925418	1.47212	0	0	0	0.317054	1.28645	0	0	0.116189
PWY-7784: reductive acetyl coenzyme A pathway II (autotrophic methanogens)	0	24.2515	0	18.2695	0	0	6.93438	35.719	0	0	0	0	2.63289	19.1106	0	0	0	10.4112	0	0	0	0
PWY-7790: UMP biosynthesis II	462.606	462.128	352.774	434.032	530.736	490.64	346.793	469.851	503.198	480.464	342.796	509.932	439.651	462.794	556.881	529.076	479.444	450.052	446.131	495.114	594.223	604.804
PWY-7791: UMP biosynthesis III	462.606	462.128	352.774	434.032	530.736	490.64	346.793	469.851	503.198	480.464	342.796	509.932	439.651	462.794	556.881	529.076	479.444	450.052	446.131	495.114	594.223	604.804
PWY-7805: (aminomethyl)phosphonate degradation	0	0.623657	5.78196	0	5.82733	0	2.37011	1.02119	0	4.06897	0	0	20.7379	0.768161	0	0.450608	0.808651	0.138688	0	0.6072	0	0
PWY-7807: glyphosate degradation III	0	0.602148	5.1512	0	5.36573	0	2.09538	0.980331	0	4.50702	0	0	19.3339	0.747641	0	0.407716	0.843727	0.199902	0	0.721966	0	0
PWY-7820: teichuronic acid biosynthesis (B. subtilis 168)	0	0	1.86669	0	0	0	0	1.65256	0	0	0	0	2.20545	0	0	0	0	0	0	0	0	0.199895
PWY-7851: coenzyme A biosynthesis II (eukaryotic)	304.48	316.885	281.457	263.588	460.374	360.003	283.804	341.561	352.381	387.984	299.934	377.154	334.245	334.57	394.258	390.891	332.273	317.329	346.148	303.92	477.092	483.423
PWY-7853: 6-hydroxymethyl-dihydropterin diphosphate biosynthesis V (Pyrococcus)	0	0	0	0	0	0	0	0	0	0	0	0	0	0	0	0	0	0	0.771918	1.12768	0	0
PWY-7858: (5Z)-dodecenoate biosynthesis II	0	3.24816	124.041	0	13.5136	0	85.4504	3.65149	0	9.53289	0	1.94434	76.3509	1.4082	1.09869	14.1713	4.2983	0.177197	0.949269	7.92782	0	0.477299
PWY-7873: D-erythronate degradation II	0	0	6.69976	0	3.55639	0	1.06631	0	0	0.513803	0	0	11.3523	0	0	0	0	0	0	0	0	0
PWY-7874: L-threonate degradation	0	0	28.0726	0	5.97983	0	27.0044	0	0	2.05733	0	0	11.3523	0	0	2.38378	0.178694	0	0	0.247476	0	0
PWY-7883: anhydromuropeptides recycling II	1.14002	2.98619	30.1191	0	0	1.03509	20.9749	7.78017	2.19804	2.17167	0	3.18113	28.9528	0.654479	0.895314	5.7443	0.573759	0.254714	1.87777	2.18637	14.9026	11.716
PWY-7942: 5-oxo-L-proline metabolism	4.04639	1.87771	107.546	0	24.5404	0.902441	103.869	2.20607	1.95402	9.30745	0	1.07999	81.1637	1.90632	5.47816	33.7936	1.93273	0.709673	0	0	0	0.57439
PWY-7953: UDP-N-acetylmuramoyl-pentapeptide biosynthesis III (meso-diaminopimelate containing)	405.918	364.993	403.614	327.853	492.5	402.864	403.873	413.736	427.676	445.454	334.935	443.817	410.975	405.621	492.064	479.193	427.418	392.248	398.23	434.34	486.033	508.777
PWY-7977: L-methionine biosynthesis IV	378.836	313.825	373.331	296.723	341.224	345.283	338.401	365.715	352.991	373.78	328.448	356.586	363.357	382.967	412.368	385.76	341.603	275.584	319.201	296.416	396.599	394.916
PWY-7992: superpathway of menaquinol-8 biosynthesis III	16.2489	8.88912	5.63641	21.2244	8.98156	18.9423	13.679	13.2883	7.80759	0	0	4.86096	6.42569	30.0704	0	0	5.62227	30.2037	5.09916	7.65578	1.18749	1.07574
PWY-8004: Entner-Doudoroff pathway I	131.764	136.307	179.398	125.841	54.278	105.689	137.026	127.317	151.504	81.9521	34.1996	90.4003	150.321	161.379	57.5388	85.0163	94.9257	132.044	116.114	75.4336	111.922	111.263
PWY-801: homocysteine and cysteine interconversion	0	0	53.0727	0	12.7636	0.579593	28.712	1.61474	7.4168	2.76874	0	0.299118	38.3354	1.15813	0.564946	2.41262	0.934613	0.507921	0	2.31646	0	0.343613
PWY-8073: lipid IVA biosynthesis (P. putida)	128.729	58.6956	227.706	78.0443	19.251	113.07	169.504	79.6502	50.2446	66.9318	20.3681	50.506	112.279	52.2752	70.4192	49.3766	37.2967	34.2338	119.507	25.9166	86.8956	58.1536
PWY-8086: (S)-lactate fermentation to propanoate, acetate and hydrogen	0	0.364122	13.6065	0	8.00652	0	15.2175	0	0	2.49502	0	0	11.5331	0.673238	0	0	0	0.150186	0	0	0	0
PWY-8112: factor 420 biosynthesis I (archaea)	0	33.2547	4.50369	34.5024	0	24.1033	7.60054	15.951	0	0	0	10.7099	4.47092	38.0677	0	0	18.8846	21.3776	11.4527	28.3459	0	0
PWY-8113: 3PG-factor 420 biosynthesis	0	32.481	4.24853	33.4966	0	23.9315	7.60054	15.951	0	0	0	10.6866	4.47092	38.0677	0	0	18.0981	21.0127	11.4527	28.3459	0	0
PWY-8125: mevalonate pathway IV (archaea)	0	2.23286	0	1.50766	0	8.28492	0	6.99204	0	0	0	2.17626	0	0	0	0	1.62605	0	2.10336	4.00604	0	0
PWY-8131: 5'-deoxyadenosine degradation II	64.7825	38.3081	12.4623	33.0927	49.8522	12.0281	22.6938	32.7839	88.0231	89.0857	197.549	38.2244	15.5072	50.4593	81.7389	99.8325	37.9667	33.0645	38.1785	30.3447	32.6344	38.0387
PWY-8134: bile acid 7&beta;-dehydroxylation	9.52295	4.38886	0.196697	7.73108	0	8.43381	1.1802	3.46479	9.13212	2.18716	4.13649	0	0.536936	9.37602	3.427	2.98518	0	6.02237	14.337	0	1.35686	0.48527
PWY-8173: anteiso-branched-chain fatty acid biosynthesis	0	0	0	0	0	0	0	4.01774	0	0	32.2668	0	0	0	0	0	0	0	0	0	0	0
PWY-8174: odd iso-branched-chain fatty acid biosynthesis	0	0	0	0	0	0	0	4.01774	0	0	32.2668	0	0	0	0	0	0	0	0	0	0	0
PWY-8175: even iso-branched-chain fatty acid biosynthesis	0	0	0	0	0	0	0	4.01774	0	0	32.2668	0	0	0	0	0	0	0	0	0	0	0
PWY-8178: pentose phosphate pathway (non-oxidative branch) II	437.612	284.465	529.231	265.948	567.968	259.811	454.491	342.687	458.392	462.75	384.149	393.778	428.537	320.232	465.549	468.133	383.894	251.564	272.516	293.243	329.392	396.62
PWY-8187: L-arginine degradation XIII (reductive Stickland reaction)	60.4723	181.534	208.031	192.12	279.374	177.715	158.043	148.754	66.5393	246.169	137.459	60.8224	143.515	244.57	257.99	278.761	81.5258	300.847	194.297	185.409	126.242	144.559
PWY-8188: L-alanine degradation VI (reductive Stickland reaction)	1.78737	0	0	0	0	1.44026	1.13891	0	3.0664	4.23256	0	1.19551	0.589883	0	4.48359	5.17321	0	1.74413	5.07026	1.36025	6.81871	3.72299
PWY-8189: L-alanine degradation V (oxidative Stickland reaction)	1.78737	0	0	0	0	1.44026	1.13891	0	3.0664	4.23256	0	1.19551	0.589883	0	4.48359	5.17321	0	1.74413	5.07026	1.36025	6.81871	3.72299
PWY-8190: L-glutamate degradation XI (reductive Stickland reaction)	0	15.1272	0.14358	0	9.06959	0.276112	0	8.30905	0	0	0	0.797892	0	0.517603	0	0	0.594256	0	0	0	0	0
PWY-821: superpathway of sulfur amino acid biosynthesis (Saccharomyces cerevisiae)	0	9.38016	163.891	34.3175	48.2096	55.4786	147.71	10.7403	0	19.6248	17.7838	8.87575	141.038	25.8475	3.04384	33.3587	20.5392	40.3291	51.9774	20.9609	0	2.33572
PWY-822: fructan biosynthesis	0	9.18301	0	0	0.867226	2.38217	7.81484	9.55369	17.5466	0.656678	0	4.83618	0	0	1.30087	0.122794	0.688929	0	6.12856	1.70037	0	0.133204
PWY-841: superpathway of purine nucleotides de novo biosynthesis I	199.706	283.089	215.7	307.647	237.315	278.485	228.896	279.33	232.895	247.739	308.4	244.446	228.137	324.544	189.413	219.277	243.479	319.421	246.979	248.401	321.103	329.742
PWY-922: mevalonate pathway I (eukaryotes and bacteria)	0	2.24317	0	0	0	7.56529	0	7.82556	3.14241	0	0	1.19726	0.510726	0.320512	0.792416	0	0	0	2.09441	6.19655	0	0.288646
PWY-I9: L-cysteine biosynthesis VI (from L-methionine)	185.89	96.7355	247.708	61.9838	130.306	52.8806	231.904	47.71	199.212	87.2534	88.84	133.947	224.389	50.5514	105.704	133.15	143.317	45.2126	51.6191	91.518	47.1666	73.5369
PWY0-1061: superpathway of L-alanine biosynthesis	52.0121	101.056	135.91	8.88979	288.6	10.7285	95.1755	34.581	66.0657	75.5828	69.0586	36.3178	109.198	20.2564	56.7613	29.6838	5.22217	4.54714	38.7646	14.1437	58.4498	90.6343
PWY0-1221: putrescine degradation II	0	0.357382	19.3514	0	2.56665	0	18.2425	0.333218	0	1.88037	0	0	18.8848	0.795407	0.16038	1.64653	0	0.296955	0	0.47913	0	0
PWY0-1241: ADP-L-glycero-&beta;-D-manno-heptose biosynthesis	15.8154	21.7563	110.292	19.4054	24.7568	47.6672	90.8178	26.5494	13.3061	41.1738	7.83634	28.5518	73.5796	31.2143	71.8403	54.241	32.4185	28.2689	41.1276	20.4582	25.9838	15.6582
PWY0-1261: anhydromuropeptides recycling I	133.931	56.9988	163.805	51.0308	74.6822	131.445	202.533	53.2315	58.584	81.7304	42.1693	40.4475	165.957	76.2664	85.95	124.942	41.6265	34.2334	133.122	60.7609	78.3255	49.505
PWY0-1277: 3-phenylpropanoate and 3-(3-hydroxyphenyl)propanoate degradation	0	0.700734	139.317	0	13.4102	0	114.539	1.5532	0	12.0349	0	0	84.2017	3.41129	1.58883	16.4699	2.78042	1.67412	0	5.10015	0	0
PWY0-1296: purine ribonucleosides degradation	269.328	228.649	366.48	277.897	430.183	221.036	349.065	268.609	340.778	345.011	391.79	341.634	373.456	272.102	330.598	393.711	339.904	243.122	250.675	354.437	386.762	416.114
PWY0-1297: superpathway of purine deoxyribonucleosides degradation	37.4193	67.7254	239.343	128.154	52.4909	56.78	227.108	44.8311	58.8391	63.2439	29.139	13.889	160.018	116.733	44.2719	115.279	21.7533	125.062	79.3407	29.6467	39.8322	47.2594
PWY0-1298: superpathway of pyrimidine deoxyribonucleosides degradation	25.9037	58.1084	221.754	145.203	60.3007	39.9658	190.506	27.38	50.9662	56.0711	78.165	24.3718	127.367	83.662	71.7015	107.041	22.8359	100.381	37.681	27.869	16.2521	15.2459
PWY0-1319: CDP-diacylglycerol biosynthesis II	388.722	292.525	372.913	293.623	450.969	301.617	333.648	354.37	418.163	414.192	330.222	423.188	384.414	348.544	401.058	447.059	399.754	314.02	318.294	376.787	480.032	488.207
PWY0-1337: oleate &beta;-oxidation	0	0.767779	26.736	0	5.4469	0	25.911	0.577044	0	1.07037	0	1.72698	58.8612	1.03082	0	2.06315	2.02506	0.258529	0	0.478328	0	0
PWY0-1338: polymyxin resistance	0	0	81.7449	0	5.43889	0	63.8768	1.21033	0	4.91501	0	1.11481	54.6254	1.79999	0.494234	9.54188	1.91315	0	0	1.75779	0	0.128751
PWY0-1415: superpathway of heme b biosynthesis from uroporphyrinogen-III	4.42195	10.6266	140.465	5.60478	20.7749	1.87422	99.3111	9.70462	3.13577	10.0494	19.4799	0	70.7391	12.8456	3.42391	18.7738	2.81721	1.90965	0	3.8659	0	0.438823
PWY0-1477: ethanolamine utilization	106.797	52.2545	385.363	144.021	64.7219	88.2149	310.282	40.8217	72.5854	79.1882	70.9117	61.9884	179.807	147.828	127.58	237.138	68.7436	182.748	90.4827	68.0601	46.0154	41.3367
PWY0-1479: tRNA processing	31.2338	49.1577	286.547	0.771824	77.6955	20.1339	252.626	81.4884	39.2203	13.8756	0	43.8064	177.457	6.51399	7.10885	34.8402	34.3664	17.9568	10.0352	24.647	52.2395	52.9035
PWY0-1533: methylphosphonate degradation I	0	0.380959	2.97313	0	3.25474	0	1.20248	0.59886	0	2.68034	0	0	12.0889	0.499304	0	0.233688	0.52791	0.128526	0	0.437252	0	0
PWY0-1586: peptidoglycan maturation (meso-diaminopimelate containing)	477.33	319.064	884.117	270.253	498.049	324.546	734.477	333.146	326.268	486.391	166.839	324.154	614.741	287.526	520.451	455.445	307.701	272.757	387.638	269.15	423.975	399.06
PWY0-162: superpathway of pyrimidine ribonucleotides de novo biosynthesis	157.734	199.271	179.932	158.307	144.469	220.38	185.115	124.84	167.984	106.965	62.2071	199.721	168.666	206.026	145.456	152.977	204.955	163.339	165.064	66.6583	145.535	140.38
PWY0-166: superpathway of pyrimidine deoxyribonucleotides de novo biosynthesis (E. coli)	0	1.3127	137.08	1.26728	38.9871	2.65349	141.362	4.22601	0	9.95865	11.0118	10.486	83.0767	4.87806	2.20912	34.5884	4.15367	0.549554	0.852824	5.00865	0	0
PWY0-301: L-ascorbate degradation I (bacterial, anaerobic)	0	3.19509	201.329	0	61.7444	2.22203	153.353	1.17059	1.49255	31.6686	12.4531	10.5629	101.982	5.06941	0.538131	20.7662	3.35403	0.459346	0	6.11184	0	0.296756
PWY0-41: allantoin degradation IV (anaerobic)	0	0	19.9557	0	5.1343	0	15.6346	0.130092	0	1.47341	0	0	13.1584	0.279332	0	2.71463	0.230496	0	0	0.213192	0	0
PWY0-42: 2-methylcitrate cycle I	0	0.255554	126.662	0	7.35675	0.525839	97.6715	1.83168	0	5.35619	0	0.43777	61.6395	1.59742	0.381338	13.2108	1.95803	0.378162	0	2.21866	0	0.101224
PWY0-461: L-lysine degradation I	0	0	27.4511	0.880036	4.66315	0	14.6237	1.12244	0	3.73459	0	0	15.4187	1.46003	0	3.52307	0	0	0	0	0	0
PWY0-781: aspartate superpathway	0	23.7897	179.395	0	48.3803	11.7729	163.192	17.6836	7.01714	21.9001	0	9.3654	130.368	7.92786	7.2646	38.8117	11.2684	2.85325	0	19.618	1.57402	8.9037
PWY0-845: superpathway of pyridoxal 5'-phosphate biosynthesis and salvage	168.783	127.238	195.566	117.374	23.6748	168.386	170.479	158.163	111.645	151.156	34.6233	126.934	149.765	165.625	194.648	84.1952	115.735	118.984	182.541	62.0153	176.997	151.907
PWY0-862: (5Z)-dodecenoate biosynthesis I	112.931	89.8163	228.667	6.00038	23.1817	122.654	185.266	73.91	74.382	74.3311	32.8326	35.9328	181.151	7.78029	63.3949	84.9997	31.8776	5.8212	78.6011	27.8228	75.2173	81.6255
PWY1G-0: mycothiol biosynthesis	0	1.72479	0.563372	0	0	0	0	2.73821	0	0	0	0	0	0	0	0	0	0	5.17726	0.959166	0.891934	0.779337
PWY1ZNC-1: assimilatory sulfate reduction IV	0	6.36736	139.552	22.137	23.1179	87.2972	103.747	7.83156	0	35.9032	11.2393	50.9654	82.9544	10.6072	46.6414	36.0621	54.303	43.3293	55.5492	10.7721	10.9821	19.976
PWY3O-4107: NAD salvage pathway V (PNC V cycle)	4.2778	152.855	160.964	19.9171	27.4875	27.9066	124.211	42.2436	35.7689	12.3684	0	1.05831	93.9709	8.48742	7.84556	20.4533	2.47757	10.7767	19.584	4.77718	10.1933	13.3154
PWY490-3: nitrate reduction VI (assimilatory)	0	0	0.14541	0	0	0	0	0	1.82671	0.528772	0	0	0.961384	0	0.790475	0	0	0	0	0	0.681355	0
PWY4FS-7: phosphatidylglycerol biosynthesis I (plastidic)	200.083	136.991	301.789	71.9321	109.504	166.935	280.605	108.786	125.004	114.544	26.6312	76.713	266.118	93.1875	117.555	211.923	63.1355	62.3967	174.329	60.0184	159.227	117.641
PWY4FS-8: phosphatidylglycerol biosynthesis II (non-plastidic)	200.083	136.991	301.789	71.9321	109.504	166.935	280.605	108.786	125.004	114.544	26.6312	76.713	266.118	93.1875	117.555	211.923	63.1355	62.3967	174.329	60.0184	159.225	117.641
PWY4LZ-257: superpathway of fermentation (Chlamydomonas reinhardtii)	23.8399	29.0995	218.257	85.9947	39.7417	45.97	204.83	23.2362	47.9069	52.7859	24.6696	9.47615	139.47	95.4031	37.9597	102.106	18.0989	84.1999	50.8105	23.4835	17.4058	13.7932
PWY66-367: ketogenesis	3.07301	1.4687	0.507949	1.1337	0	2.29432	1.19784	2.81725	2.34231	3.12904	0	0.582344	1.09549	3.34319	1.23891	7.77838	0	2.50059	1.12142	2.28557	0.409216	0.479103
PWY66-388: ceramide degradation by &alpha;-oxidation	2.6117	0	20.5219	1.687	0	3.45951	20.0384	1.49778	1.97648	0	0	0	7.43602	0	0	0	0	1.32909	0.820066	0	0	0
PWY66-389: phytol degradation	6.28111	12.9349	104.213	19.9509	0	3.50575	59.304	12.404	3.45546	7.71101	42.3451	3.11431	8.74434	20.1874	3.13777	10.4045	1.13301	4.00269	0.822362	7.73593	1.41188	1.17062
PWY66-391: fatty acid &beta;-oxidation VI (mammalian peroxisome)	14.3611	6.44969	2.93924	8.71749	0	3.33651	1.65516	9.7185	6.8954	20.6226	8.54908	4.59504	2.6597	9.03529	23.1423	55.5502	6.80149	12.3351	15.9446	1.77138	10.5289	7.3676
PWY66-399: gluconeogenesis III	122.225	152.334	90.0025	126.496	65.6171	171.142	93.5783	156.06	108.865	122.981	41.5491	115.538	108.115	125.338	150.219	131.733	130.757	130.143	160.461	113.045	104.449	102.177
PWY66-409: superpathway of purine nucleotide salvage	80.8198	137.504	206.054	66.1704	109.094	101.812	209.407	100.935	116.539	104.535	67.1531	35.8424	156.339	97.4497	77.7096	101.237	40.4699	79.4756	148.974	70.128	94.0537	108.448
PWY66-429: fatty acid biosynthesis initiation (mitochondria)	372.14	325.812	359.451	263.207	369.734	347.327	336.409	387.428	395.277	457.127	337.406	463.705	396.976	335.248	441.052	490.336	451.678	318.49	354.596	486.998	486.507	528.668
PWY66-430: myristate biosynthesis (mitochondria)	0	0	45.8016	0	0	0	29.6062	2.0791	0	8.46075	21.7642	0	17.2316	2.60009	0	13.2342	10.9043	0	0	15.6964	1.20693	1.73675
PYRIDNUCSAL-PWY: NAD salvage pathway I (PNC VI cycle)	5.4885	138.989	170.385	26.1153	34.7654	35.7805	138.725	47.329	35.7861	15.3943	0	1.47444	103.791	11.592	10.0171	24.8868	3.433	14.5273	25.1787	6.56603	12.886	16.3311
PYRIDNUCSYN-PWY: NAD de novo biosynthesis I (from aspartate)	328.726	237.404	310.789	180.38	377.542	301.679	292.814	261.701	314.539	343.726	183.642	285.284	263.756	203.769	365.75	368.863	265.49	196.268	294.54	208.852	312.347	333.437
PYRIDOXSYN-PWY: pyridoxal 5'-phosphate biosynthesis I	151.61	100.19	198.072	104.959	22.5388	154.303	153.238	139.898	94.0464	123.129	27.5056	103.913	122.233	143.816	171.255	62.8384	91.4751	100.608	159.989	43.8796	161.008	131.48
REDCITCYC: TCA cycle VI (Helicobacter)	0	1.21652	61.5414	3.4238	21.8571	3.51787	61.8535	3.05438	0	7.08198	0	2.39849	80.6832	5.34464	2.34994	9.7728	6.07202	6.47084	0	10.3021	0	1.30181
RHAMCAT-PWY: L-rhamnose degradation I	203.657	77.8006	306.202	77.7264	124.887	149.939	235.273	102.291	181.82	159.813	133.162	140.014	211.893	75.9448	115.692	198.424	112.446	67.8522	150.576	129.834	200.202	196.692
RIBOSYN2-PWY: flavin biosynthesis I (bacteria and plants)	202.885	180.028	291.794	253.646	423.922	200.052	249.994	206.281	247.49	256.967	322.15	329.502	255.653	258.691	231.519	209.389	291.165	232.472	183.546	191.779	335.835	348.821
RUMP-PWY: formaldehyde oxidation I	1.3248	72.6817	9.56127	8.20866	5.90835	32.5678	18.3344	37.7518	0	64.6306	56.4318	64.8201	15.4445	5.64846	60.2754	55.8132	71.9874	4.77368	22.0436	33.9834	10.5162	22.8368
SALVADEHYPOX-PWY: adenosine nucleotides degradation II	27.429	8.2404	468.067	12.4958	112.753	49.4111	381.903	15.9587	24.8844	60.2231	19.5937	93.8447	281.728	13.2739	59.2083	87.0664	98.7667	14.8418	45.0633	27.7817	60.9181	70.2553
SER-GLYSYN-PWY: superpathway of L-serine and glycine biosynthesis I	297.428	300.346	308.592	268.357	376.811	310.163	309.679	314.105	260.705	311.284	183.15	276.075	299.112	292.329	368.307	313.603	270.784	273.752	307.812	260.864	320.283	315.802
SO4ASSIM-PWY: assimilatory sulfate reduction I	3.39657	6.36736	318.762	22.137	65.1436	87.2972	264.262	7.83156	3.32796	29.6726	11.2393	6.12524	195.444	29.6382	10.6719	43.6625	13.351	43.3293	55.5492	15.4034	0.279849	2.27106
SULFATE-CYS-PWY: superpathway of sulfate assimilation and cysteine biosynthesis	7.54807	13.9416	331.628	42.736	120.874	136.413	303.792	17.0639	7.37746	59.9135	23.3932	13.3538	238.096	56.9705	23.1493	84.8414	27.8612	74.1499	96.76	31.8348	0.628904	5.06528
TCA-GLYOX-BYPASS: superpathway of glyoxylate bypass and TCA	0	0	151.166	0	28.331	3.70077	143.549	5.76416	0	20.0791	0	2.61775	127.691	8.11029	3.85488	34.288	9.59977	2.07659	0	11.8549	0	0.375239
TCA: TCA cycle I (prokaryotic)	0	2.87307	137.403	3.30335	37.0252	7.75104	136.709	13.5665	2.87793	29.0028	0	5.42286	124.891	17.0706	7.1976	45.3469	16.2425	6.58688	0	22.8677	0	2.75891
THISYN-PWY: superpathway of thiamine diphosphate biosynthesis I	208.329	192.586	416.516	168.039	103.296	266.183	335.984	191.43	158.983	199.909	128.704	209.569	250.215	180.202	235.125	208.183	193.587	172.393	251.046	137.225	292.115	288.398
THISYNARA-PWY: superpathway of thiamine diphosphate biosynthesis III (eukaryotes)	210.073	185.58	191.608	127.745	320.503	161.126	153.483	126.764	240.784	162.348	178.188	179.781	258.681	138.661	157.014	142.144	142.317	122.488	192.702	126.555	321.901	310.263
THREOCAT-PWY: superpathway of L-threonine metabolism	0	5.65629	84.5735	5.99524	8.24785	0	80.335	3.89996	0	8.97629	0	0	48.1474	2.54631	1.83904	19.8108	0	1.30578	0	1.19375	0	0
THRESYN-PWY: superpathway of L-threonine biosynthesis	311.316	305.454	387.14	213.295	359.747	211.442	340.894	297.066	313.343	330.608	294.505	261.202	322.814	224.662	335.428	331.558	239.815	214.798	228.052	256.105	373.511	393.669
TRNA-CHARGING-PWY: tRNA charging	387.82	423.413	422.214	377.28	487.97	457.452	420.464	421.129	419.459	418.085	353.998	466.844	425.099	406.266	467.638	469.46	462.875	412.39	432.454	520.765	490.655	506.037
TRPSYN-PWY: L-tryptophan biosynthesis	302.933	320.833	254.252	172.098	395.454	169.114	260.063	297.535	341.235	363.344	238.793	337.026	300.711	228.403	323.13	327.935	307.199	164.4	191.786	280.059	345.083	387.158
TYRFUMCAT-PWY: L-tyrosine degradation I	0	0	0	0	0	0	0	1.37115	0	0	0	0	0	0	0	0	0	0	0	0	0	0
UBISYN-PWY: superpathway of ubiquinol-8 biosynthesis (early decarboxylation)	0	0	0	0	0	0	0	0	0	0	0	0	14.0131	0.338284	0	0	0.210429	0	0	0	0	0
UDPNACETYLGALSYN-PWY: UDP-N-acetyl-D-glucosamine biosynthesis II	0	0	0	0.509034	0	0	0	0	0	0	0	0	0	0	0	0	0	0	0.863544	0	0	0
UDPNAGSYN-PWY: UDP-N-acetyl-D-glucosamine biosynthesis I	145.752	278.898	350.332	182.296	242.869	184.448	338.855	202.054	208.921	182.832	265.589	134.205	266.497	230.968	210.856	240.549	162.222	234.154	179.342	277.42	126.793	123.545
URDEGR-PWY: superpathway of allantoin degradation in plants	0	0	10.1545	0	0	0	5.3107	0	0	0	0	0	9.59157	0.166482	0	0.592323	0.186961	0	0	0	0	0
URSIN-PWY: ureide biosynthesis	0	0	0	0	0	0	0	3.4964	0	0.749672	0	0	0.250077	0	0	0	0	0	0	0.88509	0	0
VALSYN-PWY: L-valine biosynthesis	485.666	505.169	543.127	405.176	564.354	445.425	468.581	427.105	498.439	462.911	394.744	515.995	502.923	453.71	493.607	479.9	491.952	431.152	434.456	557.137	547.006	564.415
